"","Aguiar_2007_row_names","Aguilar_Garavito_2014_mature_row_names","Albrecht_102_2012_row_names","Albrecht_11_2012_row_names","Albrecht_111_2011_row_names","Albrecht_111_2012_row_names","Albrecht_112_2011_row_names","Albrecht_112_2012_row_names","Albrecht_13_2012_row_names","Albrecht_15_2012_row_names","Albrecht_203_2012_row_names","Albrecht_30_2012_row_names","Albrecht_301_2012_row_names","Albrecht_314_2012_row_names","Albrecht_315_2011_row_names","Albrecht_315_2012_row_names","Albrecht_35_2012_row_names","Albrecht_36_2012_row_names","Andrade_2011_row_names","Arias_Arone_2016_row_names","Athie_2009_row_names","Blake_1992_row_names","Blendinger_2015_row_names","Brito_2010_row_names","Burns_2013_row_names","Carvalho_2008_row_names","Castano_2018_row_names","Castley_2001_row_names","Castro_2015_row_names","Castro_Luna_2012_row_names","Chen_1999_row_names","Chimera_2010_row_names","Correa_2016_Apaporis_row_names","Correa_2016_Caqueta_row_names","Costa_2013_endozoochory_row_names","Cruz_2013_Autumn_row_names","Cruz_2013_Summer_row_names","Cruz_2013_Winter_row_names","Daru_2015_row_names","David_2011_tree_focal_watches_row_names","de_Oliveira_1999_row_names","Dehling_2017_San_Pedro_1_row_names","Dehling_2017_San_Pedro_2_row_names","Dehling_2017_San_Pedro_3_row_names","Dehling_2017_San_Pedro_4_row_names","Dehling_2017_Wayqecha_1_row_names","Dehling_2017_Wayqecha_2_row_names","Dehling_2017_Wayqecha_3_row_names","Dehling_2017_Wayqecha_4_row_names","Dos_Reis_1983_Cult_et_form_sec_row_names","Engel_2000_row_names","Fadini_2004_row_names","Faria_1996_row_names","Faustino_2006_row_names","Fleming_1977_row_names","Fricke_2018_Saipan_row_names","Fuentes_1994_row_names","Garcia_2014_Blue_Duck_row_names","Garcia_2014_Charles_Plimmer_row_names","Garcia_2014_George_Denton_row_names","Garcia_2014_Mount_Fyfee_Reserve_row_names","Garcia_2014_Puhi_Puhi_River_row_names","Garcia_2014_Zealandia_row_names","Garcia_2016_row_names","Garcia_Estrada_2012_row_names","Garcia_et_al_2000_row_names","Garcia_Morales_2012_row_names","Genrich_2017_row_names","Gomes_2013_row_names","Gorchov_1995_row_names","Hayashi_1996_row_names","Hernandez_Montero_2015_B4_Dry_row_names","Hernandez_Montero_2015_B4_Norte_row_names","Hovestadt_1997_row_names","Jaroszewicz_2013_row_names","Jayasekara_2003_row_names","Jayasekara_2007_row_names","Kamruzzaman_2008_row_names","Kessler_Rios_2012_row_names","Koike_2008_row_names","Lessa_2010_row_names","Lessa_2013_row_names","Lima_2016_row_names","Lopez_and_Vaughn_2004_row_names","Lou_2005_row_names","Lou_2007_row_names","M_SD_001_row_names","M_SD_002_row_names","M_SD_003_row_names","M_SD_004_row_names","M_SD_005_row_names","M_SD_006_row_names","M_SD_008_row_names","M_SD_009_row_names","M_SD_010_single_partners_added_row_names","M_SD_012_row_names","M_SD_020_row_names","M_SD_031_row_names","M_SD_033_row_names","M_SD_034_row_names","MacFarlane_2016_row_names","Machado_de_Souza_2019_row_names","Malacco_da_Silva_2014_row_names","Malmborg_1988_1980_row_names","Malmborg_1988_1981_row_names","Malmborg_1988_1982_row_names","Mancina_2007_dry_row_names","Marcos_da_Silva_2013_row_names","Mello_2014_Mata_de_Grota_row_names","Menke_2012_edge_highly_dist_row_names","Menke_2012_edge_little_dist_row_names","Menke_2012_interior_highly_dist_row_names","Menke_2012_interior_little_dist_row_names","Munin_2012_row_names","Munster_2008_row_names","Nogales_2017_row_names","Noma_1997_row_names","Novoa_2011_row_names","Odonnell_1994_row_names","Palita_2011_row_names","Palmeirim_1989_row_names","Passos_2003_row_names","Pedro_1992_row_names","Peredo_2013_Pto_de_San_Lorenzo_row_names","Peredo_2013_Puertos_de_Marabio_row_names","Pratt_1985_row_names","Preciado_Benitez_2015_row_names","Quitian_2018_1000Fragmented_row_names","Quitian_2018_1000Natural_row_names","Quitian_2018_2000Fragmented_row_names","Quitian_2018_2000Natural_row_names","Ramos_Robles_2016_net10_row_names","Ramos_Robles_2016_net2_row_names","Ramos_Robles_2016_net3_row_names","Ramos_Robles_2016_net4_row_names","Ramos_Robles_2016_net6_row_names","Ramos_Robles_2016_net7_row_names","Ramos_Robles_2016_net8_row_names","Robinson_2015_row_names","SAAV1_row_names","SAAV2_row_names","Sanchez_2012_Iguazu_row_names","Santiago_2014_close_to_remnant_row_names","Santiago_2014_far_from_remnant_row_names","SARM_whole_network_from_paper_row_names","Sethi_2012_row_names","Silva_Oliveira_2018_row_names","Silveira_2006_row_names","Snow_1988_DJF_row_names","Snow_1988_JJA_row_names","Snow_1988_MAM_row_names","Snow_1988_SON_row_names","Sorensen_1981_row_names","Souza_Laurindo_2017_row_names","Suzuki_2007_row_names","Tavares_2007_row_names","Traveset_1992_row_names","VELHO_row_names","VELHO2_row_names","Williams_1996_Eves_row_names","Williams_1996_Marsden_row_names","Wolfe_2014_row_names","Wyman_2017_row_names","Zamora_Delgado_2008_row_names","Zapata_Mesa_2017_MR_September_row_names"
"Aguiar_2007_row_names",0,0.916666666666667,1,1,1,1,1,1,1,1,1,1,1,1,1,1,1,1,1,0.933333333333333,1,1,1,0.7,1,0.7,0.92,1,0.979591836734694,0.925925925925926,1,1,1,1,1,1,1,1,1,1,1,1,1,1,1,1,1,1,1,0.962962962962963,1,0.952380952380952,0.785714285714286,1,0.923076923076923,1,1,1,1,1,1,1,1,1,1,0.714285714285714,1,0.8125,0.823529411764706,0.978723404255319,0.857142857142857,1,1,1,1,1,1,1,1,1,1,1,0.833333333333333,0.967741935483871,0.947368421052632,0.928571428571429,1,1,1,1,1,0.958333333333333,1,1,1,0.967741935483871,1,1,1,1,1,0.985714285714286,1,1,1,1,0.916666666666667,0.9,0.928571428571429,1,1,1,1,0.818181818181818,0.818181818181818,1,1,0.866666666666667,1,1,1,0.85,0.833333333333333,1,1,1,0.933333333333333,1,1,1,1,1,1,1,1,1,1,1,0.909090909090909,1,1,0.8,1,1,0.882352941176471,1,0.916666666666667,0.75,1,1,1,1,1,0.8,1,0.625,1,1,1,1,1,1,1,1,0.909090909090909
"Aguilar_Garavito_2014_mature_row_names",0.916666666666667,0,1,1,1,1,1,1,1,1,1,1,1,1,1,1,1,1,1,1,1,1,1,1,1,1,0.782608695652174,1,1,1,1,1,1,1,1,1,1,1,1,1,1,1,1,1,1,1,1,1,1,0.964285714285714,1,1,1,1,1,1,1,1,1,1,1,1,1,1,1,1,1,1,1,1,0.9375,0.909090909090909,0.916666666666667,1,1,1,1,1,0.944444444444444,1,1,1,1,1,1,1,1,1,1,1,1,1,1,1,1,1,1,1,1,1,1,1,1,1,1,1,1,1,1,1,1,1,1,1,1,1,1,1,1,1,1,1,1,1,1,1,1,1,1,1,1,1,1,1,1,1,1,1,1,1,1,1,1,1,0.947368421052632,1,0.923076923076923,1,1,1,1,1,1,1,1,1,1,1,1,1,1,1,1,0.964285714285714,1
"Albrecht_102_2012_row_names",1,1,0,0.666666666666667,0.818181818181818,0.666666666666667,0.7,0.545454545454545,0.5,0.583333333333333,0.3,0.4,0.444444444444444,0.375,0.75,0.666666666666667,0.666666666666667,0.545454545454545,1,1,1,1,1,1,1,1,1,1,1,1,1,1,1,1,0.956521739130435,1,1,1,1,1,1,1,1,1,1,1,1,1,1,1,1,1,1,1,1,1,1,1,1,1,1,1,1,0.928571428571429,1,1,1,1,1,1,1,1,1,1,0.989583333333333,1,1,1,1,1,1,1,1,1,1,1,1,1,1,1,1,1,1,1,1,1,1,1,1,1,1,1,1,1,1,1,1,1,1,1,1,1,1,1,1,1,1,1,1,1,1,1,1,1,1,1,1,1,1,1,1,1,1,1,1,1,1,1,1,1,1,1,1,1,1,1,1,1,1,0.88,1,0.962962962962963,1,1,1,1,1,1,1,1,1,1,1,1,1
"Albrecht_11_2012_row_names",1,1,0.666666666666667,0,0.555555555555556,0.545454545454545,0.555555555555556,0.222222222222222,0.636363636363636,0.454545454545455,0.454545454545455,0.666666666666667,0.6,0.555555555555556,0.5,0.4,0.222222222222222,0.222222222222222,1,1,1,1,1,1,1,1,1,1,1,1,1,1,1,1,0.956521739130435,1,1,1,1,1,1,1,1,1,1,1,1,1,1,1,1,1,1,1,1,1,1,1,1,1,1,1,1,0.928571428571429,1,1,1,1,1,1,1,1,1,1,0.994818652849741,1,1,1,1,1,1,1,1,1,1,1,1,1,1,1,1,1,1,1,1,1,1,1,1,1,1,1,1,1,1,1,1,1,1,1,1,1,1,1,1,1,1,1,1,1,1,1,1,1,1,1,1,1,1,1,1,1,1,1,1,1,1,1,1,1,1,1,1,1,1,1,1,1,0.869565217391304,0.923076923076923,1,0.88,0.944444444444444,1,1,1,1,1,1,1,1,1,1,1,1
"Albrecht_111_2011_row_names",1,1,0.818181818181818,0.555555555555556,0,0.7,0.333333333333333,0.555555555555556,0.8,0.727272727272727,0.727272727272727,0.818181818181818,0.777777777777778,0.75,0.5,0.555555555555556,0.555555555555556,0.555555555555556,1,1,1,1,1,1,1,1,1,1,1,1,1,1,1,1,0.95,1,1,1,1,1,1,1,1,1,1,1,1,1,1,1,1,1,1,1,1,1,0.933333333333333,1,1,1,1,1,1,0.909090909090909,1,1,1,1,1,1,1,1,1,1,0.994736842105263,1,1,1,1,1,1,1,1,1,1,1,1,1,1,1,1,1,1,1,1,1,1,1,1,1,1,1,1,1,1,1,1,1,1,1,1,1,1,1,1,1,1,1,1,1,1,1,1,1,1,1,1,1,1,1,1,1,1,1,1,1,1,1,1,1,1,1,1,1,1,1,1,1,0.85,0.91304347826087,1,0.863636363636364,1,1,1,1,1,1,1,1,1,1,1,1,1
"Albrecht_111_2012_row_names",1,1,0.666666666666667,0.545454545454545,0.7,0,0.7,0.545454545454545,0.75,0.583333333333333,0.583333333333333,0.769230769230769,0.727272727272727,0.7,0.636363636363636,0.545454545454545,0.4,0.545454545454545,1,1,1,1,1,1,1,1,1,1,1,1,1,1,1,1,0.956521739130435,1,1,1,1,1,1,1,1,1,1,1,1,1,1,1,1,1,1,1,1,1,0.944444444444444,1,1,1,1,1,1,1,1,1,1,1,1,1,1,1,1,1,0.994818652849741,1,1,1,1,1,1,1,1,1,1,1,1,1,1,1,1,1,1,1,1,1,1,1,1,1,1,1,1,1,1,1,1,1,1,1,1,1,1,1,1,1,1,1,1,1,1,1,1,1,1,1,1,1,1,1,1,1,1,1,1,1,1,1,1,1,1,1,1,1,1,1,1,1,0.869565217391304,0.923076923076923,1,0.923076923076923,0.944444444444444,1,1,1,1,1,1,1,1,1,1,1,1
"Albrecht_112_2011_row_names",1,1,0.7,0.555555555555556,0.333333333333333,0.7,0,0.375,0.666666666666667,0.6,0.6,0.7,0.625,0.571428571428571,0.5,0.555555555555556,0.375,0.375,1,1,1,1,1,1,1,1,1,1,1,1,1,1,1,1,0.95,1,1,1,1,1,1,1,1,1,1,1,1,1,1,1,1,1,1,1,1,1,1,1,1,1,1,1,1,0.909090909090909,1,1,1,1,1,1,1,1,1,1,0.994736842105263,1,1,1,1,1,1,1,1,1,1,1,1,1,1,1,1,1,1,1,1,1,1,1,1,1,1,1,1,1,1,1,1,1,1,1,1,1,1,1,1,1,1,1,1,1,1,1,1,1,1,1,1,1,1,1,1,1,1,1,1,1,1,1,1,1,1,1,1,1,1,1,1,1,0.904761904761905,0.958333333333333,1,0.91304347826087,1,1,1,1,1,1,1,1,1,1,1,1,1
"Albrecht_112_2012_row_names",1,1,0.545454545454545,0.222222222222222,0.555555555555556,0.545454545454545,0.375,0,0.5,0.3,0.3,0.545454545454545,0.444444444444444,0.375,0.333333333333333,0.222222222222222,0.222222222222222,0,1,1,1,1,1,1,1,1,1,1,1,1,1,1,1,1,0.956521739130435,1,1,1,1,1,1,1,1,1,1,1,1,1,1,1,1,1,1,1,1,1,1,1,1,1,1,1,1,0.928571428571429,1,1,1,1,1,1,1,1,1,1,0.994818652849741,1,1,1,1,1,1,1,1,1,1,1,1,1,1,1,1,1,1,1,1,1,1,1,1,1,1,1,1,1,1,1,1,1,1,1,1,1,1,1,1,1,1,1,1,1,1,1,1,1,1,1,1,1,1,1,1,1,1,1,1,1,1,1,1,1,1,1,1,1,1,1,1,1,0.869565217391304,0.923076923076923,1,0.88,0.944444444444444,1,1,1,1,1,1,1,1,1,1,1,1
"Albrecht_13_2012_row_names",1,1,0.5,0.636363636363636,0.8,0.75,0.666666666666667,0.5,0,0.222222222222222,0.545454545454545,0.125,0.555555555555556,0.285714285714286,0.727272727272727,0.636363636363636,0.636363636363636,0.5,1,1,1,1,1,1,1,1,1,1,1,1,1,1,1,1,0.904761904761905,1,0.909090909090909,1,1,1,1,1,1,1,1,1,1,1,1,1,1,1,1,1,1,1,0.941176470588235,1,0.944444444444444,1,1,0.954545454545455,1,0.727272727272727,1,1,1,1,1,1,1,1,1,1,0.989528795811518,1,1,1,1,1,1,1,1,1,1,1,1,1,1,1,1,1,1,1,1,1,0.967741935483871,1,1,1,0.95,1,1,1,1,1,1,1,1,1,1,1,1,1,1,1,1,1,1,1,1,1,1,0.909090909090909,0.9,1,1,1,1,1,1,1,1,1,1,1,1,1,1,1,1,1,1,1,1,1,1,1,0.958333333333333,0.826086956521739,0.916666666666667,0.875,0.875,1,1,1,1,1,1,0.944444444444444,0.962962962962963,1,1,1,1
"Albrecht_15_2012_row_names",1,1,0.583333333333333,0.454545454545455,0.727272727272727,0.583333333333333,0.6,0.3,0.222222222222222,0,0.363636363636364,0.3,0.5,0.444444444444444,0.545454545454545,0.454545454545455,0.454545454545455,0.3,1,1,1,1,1,1,1,1,1,1,1,1,1,1,1,1,0.91304347826087,1,0.923076923076923,1,1,1,1,1,1,1,1,1,1,1,1,1,1,1,1,1,1,1,0.947368421052632,1,0.95,1,1,0.958333333333333,1,0.769230769230769,1,1,1,1,1,1,1,1,1,1,0.989637305699482,1,1,1,1,1,1,1,1,1,1,1,1,1,1,1,1,1,1,1,1,1,0.96969696969697,1,1,1,0.954545454545455,1,1,1,1,1,1,1,1,1,1,1,1,1,1,1,1,1,1,1,1,1,1,0.923076923076923,0.916666666666667,1,1,1,1,1,1,1,1,1,1,1,1,1,1,1,1,1,1,1,1,1,1,1,0.875,0.84,0.928571428571429,0.84,0.823529411764706,1,1,1,1,1,1,0.95,0.96551724137931,1,1,1,1
"Albrecht_203_2012_row_names",1,1,0.3,0.454545454545455,0.727272727272727,0.583333333333333,0.6,0.3,0.545454545454545,0.363636363636364,0,0.454545454545455,0.333333333333333,0.444444444444444,0.545454545454545,0.454545454545455,0.454545454545455,0.3,1,1,1,1,1,1,1,1,1,1,1,1,1,1,1,1,0.958333333333333,1,1,1,1,1,1,1,1,1,1,1,1,1,1,1,1,1,1,1,1,1,1,1,1,1,1,1,1,0.933333333333333,1,1,1,1,1,1,1,1,1,1,0.989637305699482,1,1,1,1,1,1,1,1,1,1,1,1,1,1,1,1,1,1,1,1,1,1,1,1,1,1,1,1,1,1,1,1,1,1,1,1,1,1,1,1,1,1,1,1,1,1,1,1,1,1,1,1,1,1,1,1,1,1,1,1,1,1,1,1,1,1,1,1,1,1,1,1,1,0.92,0.884615384615385,1,0.925925925925926,0.947368421052632,1,1,1,1,1,1,1,1,1,1,1,1
"Albrecht_30_2012_row_names",1,1,0.4,0.666666666666667,0.818181818181818,0.769230769230769,0.7,0.545454545454545,0.125,0.3,0.454545454545455,0,0.444444444444444,0.375,0.75,0.666666666666667,0.666666666666667,0.545454545454545,1,1,1,1,1,1,1,1,1,1,1,1,1,1,1,1,0.909090909090909,1,0.916666666666667,1,1,1,1,1,1,1,1,1,1,1,1,1,1,1,1,1,1,1,0.944444444444444,1,0.947368421052632,1,1,0.956521739130435,1,0.75,1,1,1,1,1,1,1,1,1,1,0.984293193717278,1,1,1,1,1,1,1,1,1,1,1,1,1,1,1,1,1,1,1,1,1,0.96875,1,1,1,0.952380952380952,1,1,1,1,1,1,1,1,1,1,1,1,1,1,1,1,1,1,1,1,1,1,0.916666666666667,0.909090909090909,1,1,1,1,1,1,1,1,1,1,1,1,1,1,1,1,1,1,1,1,1,1,1,0.96,0.782608695652174,0.923076923076923,0.88,0.882352941176471,1,1,1,1,1,1,0.947368421052632,0.964285714285714,1,1,1,1
"Albrecht_301_2012_row_names",1,1,0.444444444444444,0.6,0.777777777777778,0.727272727272727,0.625,0.444444444444444,0.555555555555556,0.5,0.333333333333333,0.444444444444444,0,0.428571428571429,0.555555555555556,0.444444444444444,0.6,0.444444444444444,1,1,1,1,1,1,1,1,1,1,1,1,1,1,1,1,1,1,1,1,1,1,1,1,1,1,1,1,1,1,1,1,1,1,1,1,1,1,1,1,1,1,1,1,1,0.916666666666667,1,1,1,1,1,1,1,1,1,1,0.994764397905759,1,1,1,1,1,1,1,1,1,1,1,1,1,1,1,1,1,1,1,1,1,1,1,1,1,1,1,1,1,1,1,1,1,1,1,1,1,1,1,1,1,1,1,1,1,1,1,1,1,1,1,1,1,1,1,1,1,1,1,1,1,1,1,1,1,1,1,1,1,1,1,1,1,0.956521739130435,0.869565217391304,1,0.96,1,1,1,1,1,1,1,1,1,1,1,1,1
"Albrecht_314_2012_row_names",1,1,0.375,0.555555555555556,0.75,0.7,0.571428571428571,0.375,0.285714285714286,0.444444444444444,0.444444444444444,0.375,0.428571428571429,0,0.666666666666667,0.555555555555556,0.555555555555556,0.375,1,1,1,1,1,1,1,1,1,1,1,1,1,1,1,1,0.95,1,1,1,1,1,1,1,1,1,1,1,1,1,1,1,1,1,1,1,1,1,1,1,1,1,1,1,1,0.909090909090909,1,1,1,1,1,1,1,1,1,1,0.994736842105263,1,1,1,1,1,1,1,1,1,1,1,1,1,1,1,1,1,1,1,1,1,1,1,1,1,1,1,1,1,1,1,1,1,1,1,1,1,1,1,1,1,1,1,1,1,1,1,1,1,1,1,1,1,1,1,1,1,1,1,1,1,1,1,1,1,1,1,1,1,1,1,1,1,1,0.91304347826087,1,0.958333333333333,1,1,1,1,1,1,1,1,1,1,1,1,1
"Albrecht_315_2011_row_names",1,1,0.75,0.5,0.5,0.636363636363636,0.5,0.333333333333333,0.727272727272727,0.545454545454545,0.545454545454545,0.75,0.555555555555556,0.666666666666667,0,0.125,0.5,0.333333333333333,1,1,1,1,1,1,1,1,1,1,1,1,1,1,1,1,1,1,1,1,1,1,1,1,1,1,1,1,1,1,1,1,1,1,1,1,1,1,0.941176470588235,1,1,1,1,1,1,0.923076923076923,1,1,1,1,1,1,1,1,1,1,1,1,1,1,1,1,1,1,1,1,1,1,1,1,1,1,1,1,1,1,1,1,1,1,1,1,1,1,1,1,1,1,1,1,1,1,1,1,1,1,1,1,1,1,1,1,1,1,1,1,1,1,1,1,1,1,1,1,1,1,1,1,1,1,1,1,1,1,1,1,1,1,1,1,0.80952380952381,0.92,1,0.826086956521739,0.941176470588235,1,1,1,1,1,1,1,1,1,1,1,1
"Albrecht_315_2012_row_names",1,1,0.666666666666667,0.4,0.555555555555556,0.545454545454545,0.555555555555556,0.222222222222222,0.636363636363636,0.454545454545455,0.454545454545455,0.666666666666667,0.444444444444444,0.555555555555556,0.125,0,0.4,0.222222222222222,1,1,1,1,1,1,1,1,1,1,1,1,1,1,1,1,1,1,1,1,1,1,1,1,1,1,1,1,1,1,1,1,1,1,1,1,1,1,0.944444444444444,1,1,1,1,1,1,0.928571428571429,1,1,1,1,1,1,1,1,1,1,1,1,1,1,1,1,1,1,1,1,1,1,1,1,1,1,1,1,1,1,1,1,1,1,1,1,1,1,1,1,1,1,1,1,1,1,1,1,1,1,1,1,1,1,1,1,1,1,1,1,1,1,1,1,1,1,1,1,1,1,1,1,1,1,1,1,1,1,1,1,1,1,1,1,0.818181818181818,0.88,1,0.833333333333333,0.944444444444444,1,1,1,1,1,1,1,1,1,1,1,1
"Albrecht_35_2012_row_names",1,1,0.666666666666667,0.222222222222222,0.555555555555556,0.4,0.375,0.222222222222222,0.636363636363636,0.454545454545455,0.454545454545455,0.666666666666667,0.6,0.555555555555556,0.5,0.4,0,0.222222222222222,1,1,1,1,1,1,1,1,1,1,1,1,1,1,1,1,0.956521739130435,1,1,1,1,1,1,1,1,1,1,1,1,1,1,1,1,1,1,1,1,1,1,1,1,1,1,1,1,0.928571428571429,1,1,1,1,1,1,1,1,1,1,0.994818652849741,1,1,1,1,1,1,1,1,1,1,1,1,1,1,1,1,1,1,1,1,1,1,1,1,1,1,1,1,1,1,1,1,1,1,1,1,1,1,1,1,1,1,1,1,1,1,1,1,1,1,1,1,1,1,1,1,1,1,1,1,1,1,1,1,1,1,1,1,1,1,1,1,1,0.869565217391304,0.923076923076923,1,0.88,0.944444444444444,1,1,1,1,1,1,1,1,1,1,1,1
"Albrecht_36_2012_row_names",1,1,0.545454545454545,0.222222222222222,0.555555555555556,0.545454545454545,0.375,0,0.5,0.3,0.3,0.545454545454545,0.444444444444444,0.375,0.333333333333333,0.222222222222222,0.222222222222222,0,1,1,1,1,1,1,1,1,1,1,1,1,1,1,1,1,0.956521739130435,1,1,1,1,1,1,1,1,1,1,1,1,1,1,1,1,1,1,1,1,1,1,1,1,1,1,1,1,0.928571428571429,1,1,1,1,1,1,1,1,1,1,0.994818652849741,1,1,1,1,1,1,1,1,1,1,1,1,1,1,1,1,1,1,1,1,1,1,1,1,1,1,1,1,1,1,1,1,1,1,1,1,1,1,1,1,1,1,1,1,1,1,1,1,1,1,1,1,1,1,1,1,1,1,1,1,1,1,1,1,1,1,1,1,1,1,1,1,1,0.869565217391304,0.923076923076923,1,0.88,0.944444444444444,1,1,1,1,1,1,1,1,1,1,1,1
"Andrade_2011_row_names",1,1,1,1,1,1,1,1,1,1,1,1,1,1,1,1,1,1,0,1,1,1,0.974358974358974,1,1,1,1,1,0.983606557377049,1,1,1,1,1,1,1,1,1,1,1,0.892857142857143,1,1,1,1,1,1,1,1,1,1,0.9375,1,1,1,1,1,1,1,1,1,1,1,1,1,1,1,0.966666666666667,1,0.96551724137931,1,1,1,1,1,1,1,1,1,1,1,1,1,1,1,1,1,1,0.972972972972973,0.978260869565217,1,0.972222222222222,1,1,0.969230769230769,0.976744186046512,1,1,1,1,1,0.9625,0.9375,1,1,1,1,1,1,1,1,1,1,1,1,1,1,1,1,1,1,1,0.96,1,1,1,1,1,1,1,1,1,1,1,1,1,1,1,1,1,1,1,1,1,0.931034482758621,1,1,1,1,1,1,1,1,1,1,1,1,1,1,1,1,1,1,1,1
"Arias_Arone_2016_row_names",0.933333333333333,1,1,1,1,1,1,1,1,1,1,1,1,1,1,1,1,1,1,0,1,1,1,0.9375,1,0.9375,0.966666666666667,1,1,0.96875,1,1,1,1,1,1,1,1,1,1,1,1,1,1,1,1,1,1,1,0.933333333333333,1,1,1,1,1,1,1,1,1,1,1,1,1,1,1,0.916666666666667,0.952380952380952,1,1,0.96,1,1,1,1,1,1,1,1,1,1,1,1,1,0.971428571428571,1,0.944444444444444,1,1,1,1,1,1,1,1,1,1,1,1,1,1,1,1,1,1,1,1,0.9375,1,1,1,1,1,1,0.9375,1,1,1,0.894736842105263,1,1,1,0.961538461538462,1,1,1,1,0.888888888888889,1,1,1,1,1,1,1,1,1,1,1,1,1,1,0.952380952380952,1,1,0.954545454545455,1,1,0.923076923076923,1,1,1,1,1,0.933333333333333,1,1,1,1,1,1,1,1,1,1,0.933333333333333
"Athie_2009_row_names",1,1,1,1,1,1,1,1,1,1,1,1,1,1,1,1,1,1,1,1,0,0.9875,1,0.91304347826087,1,0.958333333333333,0.973684210526316,1,0.983606557377049,1,1,1,1,1,1,1,1,1,1,0.972222222222222,0.966666666666667,1,1,1,0.972972972972973,1,1,1,1,0.947368421052632,0.989130434782609,0.96969696969697,0.925925925925926,1,0.96,1,1,1,1,1,1,1,1,1,0.95,1,0.928571428571429,1,1,1,1,1,0.956521739130435,1,1,1,1,0.951219512195122,0.96551724137931,1,1,1,1,1,1,1,1,1,1,1,1,1,1,0.91304347826087,0.953125,0.926829268292683,1,1,1,1,1,0.975308641975309,1,1,1,1,1,1,0.961538461538462,1,1,1,1,0.958333333333333,1,0.983870967741935,1,0.964285714285714,1,1,1,1,1,1,1,1,1,1,1,0.962962962962963,1,1,1,1,1,1,0.958333333333333,0.961538461538462,0.857142857142857,1,1,0.846153846153846,1,1,1,1,1,0.952380952380952,1,1,1,1,1,1,0.971830985915493,1,1,1,1,1,1,1,1,1,0.956521739130435
"Blake_1992_row_names",1,1,1,1,1,1,1,1,1,1,1,1,1,1,1,1,1,1,1,1,0.9875,0,1,1,1,1,1,1,0.990566037735849,0.988235294117647,1,1,1,1,1,1,1,1,1,1,1,1,0.974358974358974,0.987179487179487,0.98780487804878,1,1,1,1,1,1,1,1,1,1,1,1,1,1,1,1,1,1,1,0.988372093023256,1,0.986486486486487,1,1,0.980582524271845,1,1,1,1,1,1,1,1,1,1,1,1,1,0.977011494252874,0.986842105263158,0.985915492957746,1,1,0.949367088607595,0.966292134831461,1,0.962025316455696,1,1,0.972477064220183,0.988636363636364,1,1,0.972972972972973,1,1,0.984126984126984,1,1,1,1,1,1,1,1,1,1,1,1,1,1,1,1,1,1,0.886075949367089,1,1,1,1,1,0.986111111111111,1,1,1,1,1,1,1,0.984375,0.985074626865672,1,1,1,1,1,1,0.986111111111111,0.986111111111111,0.986666666666667,1,1,1,1,1,1,1,1,1,1,1,1,1,1,1,1,0.970149253731343,1,1,1
"Blendinger_2015_row_names",1,1,1,1,1,1,1,1,1,1,1,1,1,1,1,1,1,1,0.974358974358974,1,1,1,0,1,1,1,1,1,1,1,1,1,1,1,1,1,1,1,1,1,1,1,1,1,0.975609756097561,0.975,0.976744186046512,0.976744186046512,1,1,1,0.972972972972973,1,1,1,1,1,1,1,1,1,1,1,1,1,1,1,1,1,1,1,1,1,1,1,1,1,1,1,1,1,1,1,1,1,1,1,1,0.975609756097561,0.98,1,1,1,0.964285714285714,1,0.978723404255319,1,1,1,1,1,0.976470588235294,1,1,1,1,1,1,1,1,1,1,1,1,1,1,1,1,1,0.962962962962963,1,0.973684210526316,1,1,1,1,1,0.956521739130435,0.954545454545455,0.967741935483871,1,1,1,1,1,1,1,1,1,0.98,0.944444444444444,1,1,1,1,1,1,1,1,1,1,1,1,1,1,1,1,1,1,1,1,1,1,0.976744186046512,1
"Brito_2010_row_names",0.7,1,1,1,1,1,1,1,1,1,1,1,1,1,1,1,1,1,1,0.9375,0.91304347826087,1,1,0,1,0.727272727272727,0.923076923076923,1,1,0.888888888888889,1,1,1,1,1,1,1,1,1,1,1,1,1,1,1,1,1,1,1,0.884615384615385,1,1,0.714285714285714,1,0.846153846153846,1,1,1,1,1,1,1,1,1,1,0.888888888888889,0.944444444444444,0.947368421052632,0.894736842105263,0.979166666666667,0.9375,1,1,1,1,1,1,1,1,1,1,1,1,0.935483870967742,0.95,0.933333333333333,1,1,1,1,1,0.96,1,1,0.981818181818182,0.96875,1,1,1,1,1,0.985915492957746,1,1,1,1,0.923076923076923,0.909090909090909,1,1,1,1,1,0.6,0.923076923076923,1,1,0.875,1,1,0.967741935483871,0.909090909090909,0.846153846153846,1,1,1,0.866666666666667,1,1,1,1,0.9375,1,1,1,1,0.833333333333333,0.857142857142857,0.818181818181818,1,1,0.642857142857143,1,1,0.888888888888889,1,0.923076923076923,0.625,1,1,1,1,1,0.818181818181818,1,0.909090909090909,1,1,1,1,1,1,1,0.964285714285714,0.818181818181818
"Burns_2013_row_names",1,1,1,1,1,1,1,1,1,1,1,1,1,1,1,1,1,1,1,1,1,1,1,1,0,1,1,1,1,1,1,1,1,1,1,1,1,1,1,1,1,1,1,1,1,1,1,1,1,1,1,1,1,1,1,1,1,0.681818181818182,0.695652173913043,0.55,0.666666666666667,0.521739130434783,0.421052631578947,1,1,1,1,1,1,1,1,1,1,1,1,1,1,1,1,1,1,1,1,1,1,1,1,1,1,1,1,1,1,1,1,1,1,1,1,1,0.814814814814815,1,1,1,1,1,1,1,1,1,1,1,1,1,1,1,1,1,0.789473684210526,1,1,1,1,1,1,1,1,1,1,1,1,1,1,1,1,1,1,1,1,1,1,1,1,1,1,1,1,1,1,1,1,1,1,1,1,1,1,1,1,0.75,0.655172413793103,1,0.78125,1,1
"Carvalho_2008_row_names",0.7,1,1,1,1,1,1,1,1,1,1,1,1,1,1,1,1,1,1,0.9375,0.958333333333333,1,1,0.727272727272727,1,0,0.962962962962963,1,1,0.928571428571429,1,1,1,1,1,1,1,1,1,1,1,1,1,1,1,1,1,1,1,0.964285714285714,1,1,0.8,1,0.928571428571429,1,1,1,1,1,1,1,1,1,1,0.888888888888889,0.944444444444444,0.947368421052632,0.95,0.979166666666667,0.9375,0.909090909090909,1,1,1,1,1,1,1,1,1,1,1,0.935483870967742,0.95,0.857142857142857,1,1,1,1,1,0.96,1,1,1,0.96875,1,1,1,1,1,0.985915492957746,1,1,1,1,0.923076923076923,0.909090909090909,0.933333333333333,1,1,1,1,0.833333333333333,0.923076923076923,1,1,0.875,1,1,1,0.909090909090909,0.846153846153846,1,1,1,0.866666666666667,1,1,1,1,1,1,1,1,1,1,1,0.916666666666667,1,1,0.642857142857143,0.9375,1,0.888888888888889,1,0.923076923076923,0.777777777777778,1,1,1,1,1,0.818181818181818,1,0.909090909090909,1,1,1,1,1,1,1,1,0.916666666666667
"Castano_2018_row_names",0.92,0.782608695652174,1,1,1,1,1,1,1,1,1,1,1,1,1,1,1,1,1,0.966666666666667,0.973684210526316,1,1,0.923076923076923,1,0.962962962962963,0,1,1,0.952380952380952,1,1,0.971428571428571,1,1,1,1,1,1,1,1,0.975,1,1,1,1,1,1,1,0.897435897435897,0.99468085106383,1,0.967741935483871,1,1,1,1,1,1,1,1,1,1,1,0.977272727272727,0.956521739130435,0.96875,1,0.939393939393939,0.967213114754098,0.966666666666667,0.96,0.961538461538462,1,1,1,1,0.977777777777778,0.96875,1,1,1,1,0.955555555555556,1,0.96551724137931,1,1,1,1,1,1,1,1,0.985507246376812,1,1,1,1,1,1,1,1,1,1,1,0.962962962962963,1,1,1,1,1,1,0.923076923076923,1,0.984615384615385,1,0.967741935483871,1,1,0.977777777777778,0.972972972972973,1,1,1,1,0.851851851851852,1,1,0.966666666666667,0.96551724137931,0.966666666666667,1,1,1,1,0.962962962962963,0.96551724137931,0.961538461538462,0.979591836734694,1,0.935483870967742,0.966666666666667,0.966666666666667,0.9375,1,0.962962962962963,0.91304347826087,1,1,1,1,1,0.92,1,1,1,1,1,1,1,1,1,0.951219512195122,0.875
"Castley_2001_row_names",1,1,1,1,1,1,1,1,1,1,1,1,1,1,1,1,1,1,1,1,1,1,1,1,1,1,1,0,1,1,1,1,1,1,1,1,1,1,1,0.975,1,1,1,1,1,1,1,1,1,1,1,1,1,1,1,1,1,1,1,1,1,1,1,1,1,1,1,1,1,1,1,1,1,1,1,1,1,1,1,1,1,1,1,1,1,1,1,1,1,1,1,1,0.972972972972973,1,1,1,1,1,1,1,1,1,1,1,1,1,1,1,1,1,1,1,1,1,1,1,1,1,1,1,1,1,1,1,1,1,1,1,1,1,1,1,1,1,1,1,1,1,1,1,1,1,1,1,1,1,1,1,1,1,1,1,1,1,1,1,1,1,1,1,1,1,1,1,1
"Castro_2015_row_names",0.979591836734694,1,1,1,1,1,1,1,1,1,1,1,1,1,1,1,1,1,0.983606557377049,1,0.983606557377049,0.990566037735849,1,1,1,1,1,1,0,1,1,1,1,1,1,1,1,1,1,1,0.963636363636364,1,1,1,1,1,1,1,1,1,1,0.888888888888889,1,0.98,1,1,1,1,1,1,1,1,1,1,1,0.978260869565217,1,0.982142857142857,0.982456140350877,0.988235294117647,1,1,1,1,1,1,1,1,1,1,1,1,0.980392156862745,1,1,1,1,1,1,1,1,1,1,0.98,0.989130434782609,0.985507246376812,1,1,1,1,1,0.840425531914894,0.983050847457627,1,1,1,1,1,0.980769230769231,1,1,1,1,1,0.98,1,1,1,1,1,1,0.983333333333333,1,1,1,1,1,1,1,1,1,1,1,1,1,1,1,1,1,0.971830985915493,0.96551724137931,1,1,1,1,1,1,1,1,1,1,1,1,1,1,0.979166666666667,1,1,1,1,1,1,1,1,1
"Castro_Luna_2012_row_names",0.925925925925926,1,1,1,1,1,1,1,1,1,1,1,1,1,1,1,1,1,1,0.96875,1,0.988235294117647,1,0.888888888888889,1,0.928571428571429,0.952380952380952,1,1,0,1,1,1,1,0.973684210526316,0.961538461538462,0.962962962962963,0.964285714285714,1,1,1,1,1,1,1,1,1,1,1,0.928571428571429,1,1,0.903225806451613,1,0.851851851851852,1,1,1,0.970588235294118,0.96969696969697,1,1,1,1,0.880952380952381,0.96,0.90625,1,0.942857142857143,0.984375,0.935483870967742,1,0.964285714285714,1,1,1,1,1,1,1,1,1,1,0.911111111111111,0.84375,0.769230769230769,1,1,1,1,1,0.975609756097561,1,1,0.985915492957746,1,1,1,1,1,1,1,1,1,1,1,0.888888888888889,1,1,1,1,1,1,0.888888888888889,1,0.985074626865672,1,0.903225806451613,1,1,0.933333333333333,0.974358974358974,0.966666666666667,1,1,1,0.821428571428571,1,1,1,1,0.96875,1,1,1,1,0.96551724137931,0.967741935483871,0.964285714285714,1,1,0.939393939393939,0.9,0.862068965517241,0.941176470588235,1,1,0.961538461538462,1,1,1,1,1,0.964285714285714,1,1,1,1,1,1,0.976744186046512,0.964285714285714,1,1,0.84
"Chen_1999_row_names",1,1,1,1,1,1,1,1,1,1,1,1,1,1,1,1,1,1,1,1,1,1,1,1,1,1,1,1,1,1,0,1,1,1,1,1,1,1,1,1,1,1,1,1,1,1,1,1,1,1,1,1,1,1,1,1,1,1,1,1,1,1,1,1,1,1,1,1,1,1,1,1,1,1,1,1,1,0.985294117647059,1,1,1,1,1,1,1,1,1,1,1,1,1,1,1,1,1,1,1,1,1,1,1,1,1,1,1,1,1,1,1,1,1,1,1,1,1,1,0.883333333333333,1,1,1,1,1,1,1,1,1,1,1,1,1,1,1,1,1,1,1,1,1,1,1,1,1,1,1,1,1,1,1,1,1,1,1,1,1,0.989795918367347,1,1,1,1,1,1,1,1,1,1
"Chimera_2010_row_names",1,1,1,1,1,1,1,1,1,1,1,1,1,1,1,1,1,1,1,1,1,1,1,1,1,1,1,1,1,1,1,0,1,1,1,1,1,1,1,1,1,1,1,1,1,1,1,1,1,1,1,1,1,1,1,1,1,1,1,1,1,1,1,1,1,1,1,1,1,1,1,1,1,1,1,1,1,1,1,1,1,1,1,1,1,1,1,1,1,1,1,1,1,1,1,1,1,1,1,1,1,1,1,1,1,1,1,1,1,1,1,1,1,1,1,1,1,1,1,1,1,1,1,1,1,1,1,1,1,1,1,1,1,1,1,1,1,1,1,1,1,1,1,1,1,1,1,1,1,1,1,1,1,1,1,1,1,1,1,1,1,1,1,1,1
"Correa_2016_Apaporis_row_names",1,1,1,1,1,1,1,1,1,1,1,1,1,1,1,1,1,1,1,1,1,1,1,1,1,1,0.971428571428571,1,1,1,1,1,0,0.925925925925926,1,1,1,1,1,1,1,0.970588235294118,1,1,1,1,1,1,1,1,1,1,1,1,1,1,1,1,1,1,1,1,1,1,1,1,1,1,1,0.963636363636364,1,1,1,1,1,1,1,1,1,1,0.954545454545455,0.964285714285714,1,1,1,1,1,1,1,1,1,1,1,1,1,1,1,1,1,1,1,0.987341772151899,1,1,1,1,1,1,1,1,1,1,1,1,1,1,1,1,1,1,1,1,1,1,1,1,0.958333333333333,1,1,1,1,1,1,1,1,1,1,1,1,0.976744186046512,1,1,0.958333333333333,0.958333333333333,1,1,1,1,1,1,1,1,1,1,1,1,1,1,1,1,1,1,1,1,1
"Correa_2016_Caqueta_row_names",1,1,1,1,1,1,1,1,1,1,1,1,1,1,1,1,1,1,1,1,1,1,1,1,1,1,1,1,1,1,1,1,0.925925925925926,0,1,1,1,1,1,1,1,1,1,1,1,1,1,1,1,1,1,1,1,1,1,1,1,1,1,1,1,1,1,1,0.972972972972973,1,1,1,1,1,1,1,1,1,1,1,1,1,1,1,0.952380952380952,0.962962962962963,1,0.974358974358974,1,1,1,1,1,1,1,1,1,1,1,1,1,1,1,1,1,0.987179487179487,1,1,1,1,1,1,1,1,1,1,1,1,1,1,1,1,1,1,0.973684210526316,1,1,1,1,1,1,1,1,1,1,1,1,1,1,1,1,1,1,1,1,1,1,1,1,1,1,1,1,1,1,1,1,1,1,1,1,1,1,1,1,1,1,1,1
"Costa_2013_endozoochory_row_names",1,1,0.956521739130435,0.956521739130435,0.95,0.956521739130435,0.95,0.956521739130435,0.904761904761905,0.91304347826087,0.958333333333333,0.909090909090909,1,0.95,1,1,0.956521739130435,0.956521739130435,1,1,1,1,1,1,1,1,1,1,1,0.973684210526316,1,1,1,1,0,0.947368421052632,0.833333333333333,0.952380952380952,1,1,1,1,1,1,1,1,1,1,1,1,1,1,1,1,1,1,0.875,1,0.962962962962963,0.961538461538462,1,1,1,0.954545454545455,1,1,1,1,0.96551724137931,1,1,1,1,1,0.99,1,1,1,1,1,1,1,1,1,1,1,1,1,1,1,1,1,1,1,1,1,0.948717948717949,0.979166666666667,1,1,0.96551724137931,1,1,1,1,1,1,1,1,1,1,1,1,1,1,0.983333333333333,1,1,1,1,1,1,1,1,1,1,1,1,1,1,1,1,1,1,1,1,1,1,1,1,1,1,1,1,0.964285714285714,1,1,1,0.9375,0.909090909090909,1,0.875,0.826086956521739,1,1,1,0.833333333333333,1,1,1,0.942857142857143,1,1,1,1
"Cruz_2013_Autumn_row_names",1,1,1,1,1,1,1,1,1,1,1,1,1,1,1,1,1,1,1,1,1,1,1,1,1,1,1,1,1,0.961538461538462,1,1,1,1,0.947368421052632,0,0.714285714285714,0.571428571428571,1,1,1,1,1,1,1,1,1,1,1,1,1,1,1,1,1,1,1,1,0.933333333333333,0.928571428571429,1,1,1,1,1,1,1,1,0.941176470588235,1,1,1,1,1,1,1,1,1,1,1,1,1,1,1,1,1,1,1,1,1,1,1,1,1,1,1,1,0.972222222222222,1,1,1,1,1,1,1,0.875,1,1,1,1,1,1,1,1,1,0.979166666666667,1,1,1,1,1,1,1,1,1,1,1,1,1,1,1,1,1,1,1,1,1,1,1,1,1,1,1,1,0.9375,1,1,1,1,1,1,1,1,1,1,1,1,1,1,1,0.958333333333333,1,1,1,1
"Cruz_2013_Summer_row_names",1,1,1,1,1,1,1,1,0.909090909090909,0.923076923076923,1,0.916666666666667,1,1,1,1,1,1,1,1,1,1,1,1,1,1,1,1,1,0.962962962962963,1,1,1,1,0.833333333333333,0.714285714285714,0,0.777777777777778,1,1,1,1,1,1,1,1,1,1,1,1,1,1,1,1,1,1,0.933333333333333,1,0.9375,0.933333333333333,1,1,1,0.909090909090909,1,1,1,1,0.944444444444444,1,1,1,1,1,0.994736842105263,1,1,1,1,1,1,1,1,1,1,1,1,1,1,1,1,1,1,1,1,1,0.96551724137931,0.972972972972973,1,1,1,1,1,1,1,0.888888888888889,1,1,1,1,1,1,1,1,1,0.979591836734694,1,1,1,1,1,1,1,1,1,1,1,1,1,1,1,1,1,1,1,1,1,1,1,1,1,1,1,1,0.941176470588235,1,1,1,1,0.958333333333333,1,0.958333333333333,0.933333333333333,1,1,1,1,1,1,1,0.916666666666667,1,1,1,1
"Cruz_2013_Winter_row_names",1,1,1,1,1,1,1,1,1,1,1,1,1,1,1,1,1,1,1,1,1,1,1,1,1,1,1,1,1,0.964285714285714,1,1,1,1,0.952380952380952,0.571428571428571,0.777777777777778,0,1,1,1,1,1,1,1,1,1,1,1,1,1,1,1,1,1,1,1,1,0.941176470588235,0.9375,1,1,1,1,1,1,1,1,0.947368421052632,1,1,1,1,1,1,1,1,1,1,1,1,1,1,1,1,1,1,1,1,1,1,1,1,1,1,1,0.966666666666667,0.973684210526316,1,1,1,1,1,1,1,0.9,1,1,1,1,1,1,1,1,1,0.98,1,1,1,1,1,1,1,1,1,1,1,1,1,1,1,1,1,1,1,1,1,1,1,1,1,1,1,1,0.944444444444444,1,1,1,0.956521739130435,0.96,0.909090909090909,1,0.9375,1,1,1,1,1,1,1,0.961538461538462,1,1,1,1
"Daru_2015_row_names",1,1,1,1,1,1,1,1,1,1,1,1,1,1,1,1,1,1,1,1,1,1,1,1,1,1,1,1,1,1,1,1,1,1,1,1,1,1,0,1,1,1,1,1,1,1,1,1,1,1,0.982558139534884,1,1,1,1,1,1,1,1,1,1,1,1,1,1,1,1,1,1,1,1,1,1,0.90625,1,1,1,1,1,1,1,1,1,1,1,1,1,1,1,1,1,1,1,1,1,1,1,1,1,1,1,1,1,1,1,1,1,1,1,0.846153846153846,0.833333333333333,0.846153846153846,0.846153846153846,1,1,1,1,1,1,1,1,1,1,1,1,1,1,1,1,1,1,1,1,1,1,1,1,1,1,1,1,1,1,1,1,1,1,1,1,1,1,1,1,1,1,1,1,1,1,1,1,1,1,1,1
"David_2011_tree_focal_watches_row_names",1,1,1,1,1,1,1,1,1,1,1,1,1,1,1,1,1,1,1,1,0.972222222222222,1,1,1,1,1,1,0.975,1,1,1,1,1,1,1,1,1,1,1,0,1,1,1,1,1,1,1,1,1,1,0.994623655913978,1,1,1,1,1,1,1,1,1,1,1,1,1,1,1,1,1,1,1,1,1,1,0.978260869565217,1,1,0.96969696969697,0.926829268292683,1,1,1,1,1,1,1,1,1,1,1,1,1,1,1,1,1,1,1,1,1,1,1,1,1,1,1,1,1,1,1,1,1,1,1,1,1,1,1,1,1,1,1,1,1,1,1,1,1,1,1,1,1,1,1,1,1,1,1,1,1,1,1,1,1,1,1,1,1,1,1,1,1,1,1,1,0.986301369863014,1,1,1,1,1,1,1,1,1,1
"de_Oliveira_1999_row_names",1,1,1,1,1,1,1,1,1,1,1,1,1,1,1,1,1,1,0.892857142857143,1,0.966666666666667,1,1,1,1,1,1,1,0.963636363636364,1,1,1,1,1,1,1,1,1,1,1,0,1,0.96551724137931,1,1,1,1,1,1,1,1,0.964285714285714,1,1,1,1,1,1,1,1,1,1,1,1,1,1,1,1,1,1,1,1,1,1,1,1,1,1,1,1,1,1,1,1,1,1,1,1,1,1,1,1,1,0.947368421052632,0.966666666666667,0.945945945945946,1,1,1,1,1,0.96,1,1,1,1,1,1,1,1,1,1,1,1,1,1,1,1,1,1,1,1,1,1,1,1,1,1,1,1,1,1,1,1,1,1,1,1,0.944444444444444,1,1,1,1,1,1,1,1,1,1,1,1,1,1,1,1,1,1,1,1,1,1,1,1,1,1
"Dehling_2017_San_Pedro_1_row_names",1,1,1,1,1,1,1,1,1,1,1,1,1,1,1,1,1,1,1,1,1,1,1,1,1,1,0.975,1,1,1,1,1,0.970588235294118,1,1,1,1,1,1,1,1,0,0.806451612903226,0.8,0.787878787878788,1,0.975609756097561,1,0.972972972972973,1,1,1,1,1,1,1,1,1,1,1,1,1,1,1,1,1,1,1,1,0.983606557377049,1,1,1,1,1,1,1,1,1,1,0.962962962962963,1,1,1,1,1,1,1,1,1,1,1,1,1,1,1,1,1,1,1,1,1,1,1,1,1,1,1,1,1,1,1,1,1,1,1,1,0.966666666666667,1,1,0.977272727272727,1,1,1,1,1,0.96551724137931,1,1,1,0.964285714285714,1,1,1,1,1,1,0.964285714285714,1,0.957446808510638,0.971428571428571,1,0.96551724137931,0.96551724137931,1,1,1,1,1,1,1,1,1,1,1,1,1,1,1,1,1,1,1,1,1
"Dehling_2017_San_Pedro_2_row_names",1,1,1,1,1,1,1,1,1,1,1,1,1,1,1,1,1,1,1,1,1,0.974358974358974,1,1,1,1,1,1,1,1,1,1,1,1,1,1,1,1,1,1,0.96551724137931,0.806451612903226,0,0.565217391304348,0.806451612903226,1,0.973684210526316,0.973684210526316,0.970588235294118,1,1,1,1,1,1,1,1,1,1,1,1,1,1,1,1,1,1,1,1,1,1,1,1,1,1,1,1,1,1,1,1,1,1,1,1,1,1,1,0.942857142857143,0.977777777777778,1,0.971428571428571,1,1,1,1,1,1,1,1,1,0.987654320987654,1,1,1,1,1,1,1,1,1,1,1,1,1,1,1,1,1,1,1,1,1,1,1,1,1,1,1,1,1,1,1,1,1,1,1,1,1,0.977777777777778,0.96875,1,1,1,0.96551724137931,1,1,1,1,1,1,1,1,1,1,1,1,1,1,1,1,1,1,1,1
"Dehling_2017_San_Pedro_3_row_names",1,1,1,1,1,1,1,1,1,1,1,1,1,1,1,1,1,1,1,1,1,0.987179487179487,1,1,1,1,1,1,1,1,1,1,1,1,1,1,1,1,1,1,1,0.8,0.565217391304348,0,0.666666666666667,1,0.972972972972973,1,0.96969696969697,1,1,1,1,1,1,1,1,1,1,1,1,1,1,1,1,1,1,1,1,1,1,1,1,1,1,1,1,1,1,1,1,1,1,1,1,1,1,1,0.971428571428571,0.977272727272727,1,1,1,1,1,1,1,1,1,1,1,1,1,1,1,1,1,1,1,1,1,1,1,1,1,1,1,1,1,1,1,1,1,1,1,1,1,1,1,0.96,0.958333333333333,1,1,1,1,1,1,1,1,0.977272727272727,1,1,1,1,1,1,1,1,1,1,1,1,1,1,1,1,1,1,1,1,1,1,1,1,1
"Dehling_2017_San_Pedro_4_row_names",1,1,1,1,1,1,1,1,1,1,1,1,1,1,1,1,1,1,1,1,0.972972972972973,0.98780487804878,0.975609756097561,1,1,1,1,1,1,1,1,1,1,1,1,1,1,1,1,1,1,0.787878787878788,0.806451612903226,0.666666666666667,0,0.973684210526316,0.95,0.975609756097561,0.972972972972973,1,1,1,1,1,1,1,1,1,1,1,1,1,1,1,1,1,1,1,1,1,1,1,0.96,1,1,1,1,1,0.967741935483871,1,1,1,1,1,1,1,1,1,0.947368421052632,0.957446808510638,1,1,1,0.961538461538462,0.985294117647059,0.977777777777778,1,1,1,1,1,0.988095238095238,1,1,1,1,1,1,1,1,1,1,1,1,1,1,1,0.966666666666667,1,1,1,1,1,1,1,1,1,0.952380952380952,0.95,0.888888888888889,1,1,1,1,1,1,1,1,0.96,0.979166666666667,0.971428571428571,1,1,1,1,1,1,1,1,1,1,1,1,1,1,1,1,1,1,1,1,1,1,0.975609756097561,1
"Dehling_2017_Wayqecha_1_row_names",1,1,1,1,1,1,1,1,1,1,1,1,1,1,1,1,1,1,1,1,1,1,0.975,1,1,1,1,1,1,1,1,1,1,1,1,1,1,1,1,1,1,1,1,1,0.973684210526316,0,0.633333333333333,0.757575757575758,0.724137931034483,1,1,1,1,1,1,1,1,1,1,1,1,1,1,1,1,1,1,1,1,1,1,1,1,1,1,1,1,1,1,1,1,1,1,1,1,1,1,1,0.973684210526316,0.978723404255319,1,1,1,1,1,1,1,1,1,1,1,0.987951807228916,1,1,1,1,1,1,1,1,1,1,1,1,1,1,1,1,1,1,1,1,1,1,1,1,1,0.95,0.947368421052632,0.964285714285714,1,1,1,1,1,1,1,1,1,0.933333333333333,0.90625,1,1,1,1,1,1,1,1,1,1,1,1,1,1,1,1,1,1,1,1,1,1,0.975,1
"Dehling_2017_Wayqecha_2_row_names",1,1,1,1,1,1,1,1,1,1,1,1,1,1,1,1,1,1,1,1,1,1,0.976744186046512,1,1,1,1,1,1,1,1,1,1,1,1,1,1,1,1,1,1,0.975609756097561,0.973684210526316,0.972972972972973,0.95,0.633333333333333,0,0.705882352941176,0.75,1,1,1,1,1,1,1,1,1,1,1,1,1,1,1,1,1,1,1,1,1,1,1,1,1,1,1,1,1,1,1,1,1,1,1,1,1,1,1,0.975609756097561,0.98,1,1,1,1,1,1,1,1,1,1,1,0.988372093023256,1,1,1,1,1,1,1,1,1,1,1,1,1,1,1,1,1,1,1,1,1,1,1,1,1,0.956521739130435,0.954545454545455,0.967741935483871,1,1,1,1,1,1,1,1,1,0.959183673469388,0.914285714285714,1,1,1,1,1,1,1,1,1,1,1,1,1,1,1,1,1,1,1,1,1,1,0.952380952380952,1
"Dehling_2017_Wayqecha_3_row_names",1,1,1,1,1,1,1,1,1,1,1,1,1,1,1,1,1,1,1,1,1,1,0.976744186046512,1,1,1,1,1,1,1,1,1,1,1,1,1,1,1,1,1,1,1,0.973684210526316,1,0.975609756097561,0.757575757575758,0.705882352941176,0,0.620689655172414,1,1,1,1,1,1,1,1,1,1,1,1,1,1,1,1,1,1,1,1,1,1,1,1,1,1,1,1,1,1,1,1,1,1,1,1,1,1,1,0.975609756097561,0.98,1,1,1,1,1,1,1,1,1,1,1,0.988372093023256,1,1,1,1,1,1,1,1,1,1,1,1,1,1,1,1,1,1,1,1,1,1,1,1,1,0.956521739130435,0.954545454545455,0.967741935483871,1,1,1,1,1,1,1,1,1,0.98,0.972972972972973,1,1,1,1,1,1,1,1,1,1,1,1,1,1,1,1,1,1,1,1,1,1,0.952380952380952,1
"Dehling_2017_Wayqecha_4_row_names",1,1,1,1,1,1,1,1,1,1,1,1,1,1,1,1,1,1,1,1,1,1,1,1,1,1,1,1,1,1,1,1,1,1,1,1,1,1,1,1,1,0.972972972972973,0.970588235294118,0.96969696969697,0.972972972972973,0.724137931034483,0.75,0.620689655172414,0,1,1,1,1,1,1,1,1,1,1,1,1,1,1,1,1,1,1,1,1,1,1,1,1,1,1,1,1,1,1,1,1,1,1,1,1,1,1,1,1,1,1,1,1,1,1,1,1,1,1,1,1,1,1,1,1,1,1,1,1,1,1,1,1,1,1,1,1,1,1,1,1,1,1,1,1,1,1,1,1,1,1,1,1,1,1,1,1,1,1,0.955555555555556,1,1,1,1,1,1,1,1,1,1,1,1,1,1,1,1,1,1,1,1,1,1,1,0.974358974358974,1
"Dos_Reis_1983_Cult_et_form_sec_row_names",0.962962962962963,0.964285714285714,1,1,1,1,1,1,1,1,1,1,1,1,1,1,1,1,1,0.933333333333333,0.947368421052632,1,1,0.884615384615385,1,0.964285714285714,0.897435897435897,1,1,0.928571428571429,1,1,1,1,1,1,1,1,1,1,1,1,1,1,1,1,1,1,1,0,0.98936170212766,1,0.96875,1,1,0.962962962962963,1,1,1,1,1,1,1,1,0.954545454545455,0.91304347826087,0.9375,1,0.941176470588235,0.984126984126984,0.967741935483871,1,1,1,1,1,1,0.955555555555556,1,1,1,1,1,0.933333333333333,1,0.966666666666667,1,1,1,0.959183673469388,1,0.975,1,1,0.955882352941177,1,1,1,1,1,1,1,1,1,1,1,0.964285714285714,1,1,1,1,1,1,0.925925925925926,1,0.984848484848485,1,0.935483870967742,1,1,0.955555555555556,0.973684210526316,0.96551724137931,1,1,1,0.896551724137931,1,1,1,1,0.967741935483871,1,1,1,1,0.964285714285714,0.966666666666667,0.962962962962963,1,1,0.903225806451613,1,1,0.90625,1,0.925925925925926,0.916666666666667,1,1,1,1,1,0.923076923076923,1,1,1,1,1,1,1,1,1,0.976744186046512,0.88
"Engel_2000_row_names",1,1,1,1,1,1,1,1,1,1,1,1,1,1,1,1,1,1,1,1,0.989130434782609,1,1,1,1,1,0.99468085106383,1,1,1,1,1,1,1,1,1,1,1,0.982558139534884,0.994623655913978,1,1,1,1,1,1,1,1,1,0.98936170212766,0,1,1,1,1,0.994219653179191,1,1,1,1,1,1,1,1,0.989473684210526,0.994117647058824,0.994413407821229,1,1,1,0.988636363636364,1,1,0.968421052631579,1,1,1,0.973404255319149,1,1,1,1,1,1,1,1,1,1,1,0.994897959183674,1,0.994623655913978,0.972067039106145,1,0.985981308411215,1,1,1,1,0.963541666666667,1,1,1,1,1,1,1,1,1,0.970760233918129,0.970588235294118,0.970760233918129,0.970760233918129,1,1,0.990521327014218,1,1,1,1,1,1,1,1,1,1,1,1,1,1,1,1,1,1,1,1,1,1,1,1,1,0.994413407821229,1,1,1,1,1,1,1,1,1,1,1,1,0.990950226244344,1,1,1,1,1,1,1,1,1,0.994219653179191
"Fadini_2004_row_names",0.952380952380952,1,1,1,1,1,1,1,1,1,1,1,1,1,1,1,1,1,0.9375,1,0.96969696969697,1,0.972972972972973,1,1,1,1,1,0.888888888888889,1,1,1,1,1,1,1,1,1,1,1,0.964285714285714,1,1,1,1,1,1,1,1,1,1,0,1,1,1,1,1,1,1,1,1,1,1,1,1,0.944444444444444,1,0.964285714285714,0.96551724137931,1,1,1,1,1,1,1,1,1,1,1,1,1,0.909090909090909,1,1,1,1,1,1,1,1,1,1,1,1,1,1,1,1,1,1,0.934210526315789,1,1,1,1,1,1,0.958333333333333,1,1,1,1,1,0.954545454545455,1,1,1,1,1,1,0.96875,1,1,1,1,1,1,1,1,1,1,1,1,1,1,1,1,1,1,1,1,1,1,1,1,1,1,1,1,1,1,1,1,1,0.95,1,1,1,1,1,1,1,1,1
"Faria_1996_row_names",0.785714285714286,1,1,1,1,1,1,1,1,1,1,1,1,1,1,1,1,1,1,1,0.925925925925926,1,1,0.714285714285714,1,0.8,0.967741935483871,1,1,0.903225806451613,1,1,1,1,1,1,1,1,1,1,1,1,1,1,1,1,1,1,1,0.96875,1,1,0,1,0.8125,1,1,1,1,1,1,1,1,1,0.970588235294118,1,0.904761904761905,0.909090909090909,0.80952380952381,0.980769230769231,0.894736842105263,1,1,1,1,1,1,1,1,1,1,1,0.944444444444444,0.972222222222222,0.958333333333333,1,1,1,1,1,1,0.96551724137931,1,1,1,0.942857142857143,1,1,1,1,1,0.986666666666667,1,1,1,1,0.941176470588235,0.933333333333333,0.888888888888889,1,1,1,1,0.8,0.875,1,1,0.842105263157895,1,1,0.971428571428571,0.923076923076923,0.8125,1,1,1,0.894736842105263,1,1,1,1,0.95,1,1,1,1,0.875,0.888888888888889,0.866666666666667,1,1,0.722222222222222,1,1,0.909090909090909,1,0.941176470588235,0.928571428571429,1,1,1,1,1,0.9375,1,0.769230769230769,1,1,1,1,1,1,1,1,0.9375
"Faustino_2006_row_names",1,1,1,1,1,1,1,1,1,1,1,1,1,1,1,1,1,1,1,1,1,1,1,1,1,1,1,1,0.98,1,1,1,1,1,1,1,1,1,1,1,1,1,1,1,1,1,1,1,1,1,1,1,1,0,1,1,1,1,1,1,1,1,1,1,1,1,1,1,1,0.979166666666667,1,1,1,1,1,1,1,1,1,1,1,1,1,1,1,1,1,1,1,1,1,1,1,1,1,1,1,1,1,1,1,0.985915492957746,1,1,1,1,1,1,1,1,1,1,1,1,1,1,1,1,1,1,1,1,1,1,1,1,1,1,1,1,1,1,1,1,1,1,1,1,1,0.971428571428571,0.954545454545455,1,1,1,1,1,1,1,1,1,1,1,1,1,1,1,1,1,1,1,1,1,1,1,1
"Fleming_1977_row_names",0.923076923076923,1,1,1,1,1,1,1,1,1,1,1,1,1,1,1,1,1,1,1,0.96,1,1,0.846153846153846,1,0.928571428571429,1,1,1,0.851851851851852,1,1,1,1,1,1,1,1,1,1,1,1,1,1,1,1,1,1,1,1,1,1,0.8125,1,0,1,1,1,1,1,1,1,1,1,0.933333333333333,1,0.823529411764706,1,1,1,0.875,1,1,1,1,1,1,1,1,1,1,1,1,1,0.9,0.9375,1,1,1,1,1,0.961538461538462,1,1,0.982142857142857,1,1,1,1,1,1,1,1,1,1,1,0.928571428571429,1,1,1,1,1,1,0.928571428571429,1,1,1,0.882352941176471,1,1,1,1,0.933333333333333,1,1,1,0.941176470588235,1,1,1,1,1,1,1,1,1,0.846153846153846,0.866666666666667,1,1,1,0.888888888888889,0.875,0.875,1,1,1,1,1,1,1,1,1,1,1,1,1,1,1,1,1,1,1,1,0.923076923076923
"Fricke_2018_Saipan_row_names",1,1,1,1,1,1,1,1,1,1,1,1,1,1,1,1,1,1,1,1,1,1,1,1,1,1,1,1,1,1,1,1,1,1,1,1,1,1,1,1,1,1,1,1,1,1,1,1,1,0.962962962962963,0.994219653179191,1,1,1,1,0,1,1,1,1,1,1,1,1,1,0.875,1,1,1,1,1,1,1,1,1,1,1,0.966666666666667,1,1,1,1,1,1,1,1,1,1,1,1,1,1,1,1,1,1,1,1,1,1,1,1,1,1,1,1,1,1,1,1,1,1,1,1,1,1,1,1,1,1,1,1,1,1,1,1,1,1,1,1,1,1,1,1,1,1,1,1,1,1,1,1,1,1,1,1,1,1,1,1,1,1,1,1,1,1,1,1,1,1,1,1,1,1,1
"Fuentes_1994_row_names",1,1,1,1,0.933333333333333,0.944444444444444,1,1,0.941176470588235,0.947368421052632,1,0.944444444444444,1,1,0.941176470588235,0.944444444444444,1,1,1,1,1,1,1,1,1,1,1,1,1,1,1,1,1,1,0.875,1,0.933333333333333,1,1,1,1,1,1,1,1,1,1,1,1,1,1,1,1,1,1,1,0,1,0.954545454545455,1,1,0.961538461538462,1,0.941176470588235,1,1,1,1,1,1,1,1,1,1,1,1,1,1,1,1,1,1,1,1,1,1,1,1,1,1,1,1,1,1,1,1,0.838709677419355,0.976744186046512,1,1,0.958333333333333,1,1,1,1,1,1,1,1,1,1,1,1,1,1,1,1,1,1,1,1,1,1,0.857142857142857,0.846153846153846,1,1,1,1,1,1,1,1,1,1,1,1,1,1,1,1,1,1,1,1,1,1,1,0.884615384615385,0.892857142857143,0.866666666666667,0.892857142857143,0.952380952380952,1,1,1,0.933333333333333,1,1,0.954545454545455,1,1,1,1,1
"Garcia_2014_Blue_Duck_row_names",1,1,1,1,1,1,1,1,1,1,1,1,1,1,1,1,1,1,1,1,1,1,1,1,0.681818181818182,1,1,1,1,1,1,1,1,1,1,1,1,1,1,1,1,1,1,1,1,1,1,1,1,1,1,1,1,1,1,1,1,0,0.789473684210526,0.842105263157895,0.5,0.65,0.722222222222222,1,1,1,1,1,1,1,1,1,1,1,1,1,1,1,1,1,1,1,1,1,1,1,1,1,1,1,1,1,1,1,1,1,1,1,1,1,0.80952380952381,1,1,1,1,1,1,1,1,1,1,1,1,1,1,1,1,1,0.852941176470588,1,1,1,1,1,1,1,1,1,1,1,1,1,1,1,1,1,1,1,1,1,1,1,1,1,1,1,1,1,1,1,1,1,1,1,1,1,1,1,1,0.789473684210526,0.814814814814815,1,0.857142857142857,1,1
"Garcia_2014_Charles_Plimmer_row_names",1,1,1,1,1,1,1,1,0.944444444444444,0.95,1,0.947368421052632,1,1,1,1,1,1,1,1,1,1,1,1,0.695652173913043,1,1,1,1,0.970588235294118,1,1,1,1,0.962962962962963,0.933333333333333,0.9375,0.941176470588235,1,1,1,1,1,1,1,1,1,1,1,1,1,1,1,1,1,1,0.954545454545455,0.789473684210526,0,0.5625,0.777777777777778,0.666666666666667,0.588235294117647,0.882352941176471,1,1,1,1,0.96,1,1,1,1,1,1,1,1,1,1,1,1,1,1,1,1,1,1,1,1,1,1,1,1,1,1,1,0.972222222222222,1,1,1,0.7,1,1,1,1,1,1,1,1,1,1,1,1,1,1,0.982142857142857,1,1,1,1,1,1,1,0.9375,0.933333333333333,1,1,1,1,1,1,1,1,1,1,1,1,1,1,1,1,1,1,1,0.958333333333333,1,1,1,0.96551724137931,0.933333333333333,0.941176470588235,0.933333333333333,0.904761904761905,1,1,1,1,1,1,0.588235294117647,0.730769230769231,1,0.777777777777778,1,1
"Garcia_2014_George_Denton_row_names",1,1,1,1,1,1,1,1,1,1,1,1,1,1,1,1,1,1,1,1,1,1,1,1,0.55,1,1,1,1,0.96969696969697,1,1,1,1,0.961538461538462,0.928571428571429,0.933333333333333,0.9375,1,1,1,1,1,1,1,1,1,1,1,1,1,1,1,1,1,1,1,0.842105263157895,0.5625,0,0.6875,0.714285714285714,0.647058823529412,0.941176470588235,1,1,1,1,0.958333333333333,1,1,1,1,1,1,1,1,1,1,1,1,1,1,1,1,1,1,1,1,1,1,1,1,1,1,1,1,1,1,1,0.80952380952381,1,1,1,1,1,1,1,1,1,1,1,1,1,1,0.981818181818182,1,1,0.916666666666667,1,1,1,1,1,1,1,1,1,1,1,1,1,1,1,1,1,1,1,1,1,1,1,1,1,0.956521739130435,1,1,1,1,0.966666666666667,1,0.966666666666667,0.952380952380952,1,1,1,1,1,1,0.722222222222222,0.72,1,0.769230769230769,1,1
"Garcia_2014_Mount_Fyfee_Reserve_row_names",1,1,1,1,1,1,1,1,1,1,1,1,1,1,1,1,1,1,1,1,1,1,1,1,0.666666666666667,1,1,1,1,1,1,1,1,1,1,1,1,1,1,1,1,1,1,1,1,1,1,1,1,1,1,1,1,1,1,1,1,0.5,0.777777777777778,0.6875,0,0.631578947368421,0.705882352941176,1,1,1,1,1,1,1,1,1,1,1,1,1,1,1,1,1,1,1,1,1,1,1,1,1,1,1,1,1,1,1,1,1,1,1,1,1,0.8,1,1,1,1,1,1,1,1,1,1,1,1,1,1,1,1,1,0.8125,1,1,1,1,1,1,1,1,1,1,1,1,1,1,1,1,1,1,1,1,1,1,1,1,1,1,1,1,1,1,1,1,1,1,1,1,1,1,1,1,0.777777777777778,0.708333333333333,1,0.76,1,1
"Garcia_2014_Puhi_Puhi_River_row_names",1,1,1,1,1,1,1,1,0.954545454545455,0.958333333333333,1,0.956521739130435,1,1,1,1,1,1,1,1,1,1,1,1,0.521739130434783,1,1,1,1,1,1,1,1,1,1,1,1,1,1,1,1,1,1,1,1,1,1,1,1,1,1,1,1,1,1,1,0.961538461538462,0.65,0.666666666666667,0.714285714285714,0.631578947368421,0,0.666666666666667,0.954545454545455,1,1,1,1,1,1,1,1,1,1,0.995024875621891,1,1,1,1,1,1,1,1,1,1,1,1,1,1,1,1,1,1,1,1,1,0.975,1,1,1,0.75,1,1,1,1,1,1,1,1,1,1,1,1,1,1,1,1,1,0.842105263157895,1,1,1,1,0.95,0.947368421052632,1,1,1,1,1,1,1,1,1,1,1,1,1,1,1,1,1,1,1,1,1,1,1,0.96969696969697,0.971428571428571,0.952380952380952,0.971428571428571,0.961538461538462,1,1,1,1,1,1,0.782608695652174,0.724137931034483,1,0.84375,1,1
"Garcia_2014_Zealandia_row_names",1,1,1,1,1,1,1,1,1,1,1,1,1,1,1,1,1,1,1,1,1,1,1,1,0.421052631578947,1,1,1,1,1,1,1,1,1,1,1,1,1,1,1,1,1,1,1,1,1,1,1,1,1,1,1,1,1,1,1,1,0.722222222222222,0.588235294117647,0.647058823529412,0.705882352941176,0.666666666666667,0,1,1,1,1,1,1,1,1,1,1,1,1,1,1,1,1,1,1,1,1,1,1,1,1,1,1,1,1,1,1,1,1,1,1,1,1,1,0.818181818181818,1,1,1,1,1,1,1,1,1,1,1,1,1,1,1,1,1,0.888888888888889,1,1,1,1,1,1,1,1,1,1,1,1,1,1,1,1,1,1,1,1,1,1,1,1,1,1,1,1,1,1,1,1,1,1,1,1,1,1,1,1,0.736842105263158,0.68,1,0.821428571428571,1,1
"Garcia_2016_row_names",1,1,0.928571428571429,0.928571428571429,0.909090909090909,1,0.909090909090909,0.928571428571429,0.727272727272727,0.769230769230769,0.933333333333333,0.75,0.916666666666667,0.909090909090909,0.923076923076923,0.928571428571429,0.928571428571429,0.928571428571429,1,1,1,1,1,1,1,1,1,1,1,1,1,1,1,1,0.954545454545455,1,0.909090909090909,1,1,1,1,1,1,1,1,1,1,1,1,1,1,1,1,1,1,1,0.941176470588235,1,0.882352941176471,0.941176470588235,1,0.954545454545455,1,0,1,1,1,1,1,1,1,1,1,1,0.994791666666667,1,1,1,1,1,1,1,1,1,1,1,1,1,1,1,1,1,1,1,1,1,0.896551724137931,1,1,1,0.894736842105263,1,1,1,1,1,1,1,1,1,1,1,1,1,1,1,1,1,1,1,1,1,1,0.666666666666667,0.777777777777778,1,1,1,1,1,1,1,1,1,1,1,1,1,1,1,1,1,1,1,1,1,1,1,0.80952380952381,0.714285714285714,0.818181818181818,0.65,0.8,1,1,1,1,1,1,0.882352941176471,0.962962962962963,1,1,1,1
"Garcia_Estrada_2012_row_names",1,1,1,1,1,1,1,1,1,1,1,1,1,1,1,1,1,1,1,1,0.95,0.988372093023256,1,1,1,1,0.977272727272727,1,1,0.880952380952381,1,1,1,0.972972972972973,1,1,1,1,1,1,1,1,1,1,1,1,1,1,1,0.954545454545455,0.989473684210526,1,0.970588235294118,1,0.933333333333333,1,1,1,1,1,1,1,1,1,0,1,0.875,1,1,1,0.9375,0.964285714285714,0.928571428571429,1,1,1,1,0.979166666666667,1,1,1,1,1,0.936170212765957,0.944444444444444,0.935483870967742,1,1,0.976744186046512,0.96078431372549,0.976190476190476,0.976190476190476,1,1,0.957142857142857,1,1,1,1,1,1,1,1,1,1,1,0.966666666666667,1,1,1,1,1,1,1,1,0.985294117647059,1,0.970588235294118,1,1,0.934782608695652,1,1,1,1,1,0.9375,1,1,1,1,1,1,0.96551724137931,1,1,1,1,1,1,1,0.971428571428571,0.866666666666667,0.866666666666667,1,1,1,1,1,1,1,1,1,1,1,1,1,1,1,1,1,1,1,1,0.928571428571429
"Garcia_et_al_2000_row_names",0.714285714285714,1,1,1,1,1,1,1,1,1,1,1,1,1,1,1,1,1,1,0.916666666666667,1,1,1,0.888888888888889,1,0.888888888888889,0.956521739130435,1,0.978260869565217,0.96,1,1,1,1,1,1,1,1,1,1,1,1,1,1,1,1,1,1,1,0.91304347826087,0.994117647058824,0.944444444444444,1,1,1,0.875,1,1,1,1,1,1,1,1,1,0,1,0.933333333333333,0.9375,0.977272727272727,1,1,1,1,1,1,1,0.962962962962963,1,1,1,1,0.9,0.964285714285714,1,0.909090909090909,1,1,1,1,1,1,1,1,1,1,1,1,1,1,1,1,1,1,1,1,0.888888888888889,1,0.909090909090909,1,1,1,1,0.888888888888889,0.888888888888889,1,1,0.923076923076923,1,1,1,0.888888888888889,1,1,1,1,0.916666666666667,1,1,1,1,1,1,1,1,1,1,1,1,1,1,0.928571428571429,1,1,0.933333333333333,1,1,0.833333333333333,1,1,1,1,1,0.875,1,0.857142857142857,1,1,1,1,1,1,1,1,0.875
"Garcia_Morales_2012_row_names",1,1,1,1,1,1,1,1,1,1,1,1,1,1,1,1,1,1,1,0.952380952380952,0.928571428571429,0.986486486486487,1,0.944444444444444,1,0.944444444444444,0.96875,1,1,0.90625,1,1,1,1,1,1,1,1,1,1,1,1,1,1,1,1,1,1,1,0.9375,0.994413407821229,1,0.904761904761905,1,0.823529411764706,1,1,1,1,1,1,1,1,1,0.875,1,0,1,1,0.981132075471698,0.9,0.9375,1,1,1,1,1,0.972222222222222,1,1,1,1,1,0.944444444444444,0.869565217391304,0.894736842105263,1,1,1,1,1,1,1,1,0.983333333333333,1,1,1,1,1,1,1,1,1,1,1,0.944444444444444,1,1,1,1,1,1,0.882352941176471,1,0.982142857142857,1,0.85,1,1,0.972222222222222,1,1,1,1,1,0.705882352941176,1,1,1,1,1,1,0.941176470588235,1,1,0.882352941176471,0.894736842105263,1,1,1,0.857142857142857,0.777777777777778,0.842105263157895,1,1,1,1,1,1,1,1,1,1,1,1,1,1,1,1,1,1,1,1,0.941176470588235
"Genrich_2017_row_names",0.8125,1,1,1,1,1,1,1,1,1,1,1,1,1,1,1,1,1,0.966666666666667,1,1,1,1,0.947368421052632,1,0.947368421052632,1,1,0.982142857142857,1,1,1,1,1,1,1,1,1,1,1,1,1,1,1,1,1,1,1,1,1,1,0.964285714285714,0.909090909090909,1,1,1,1,1,1,1,1,1,1,1,1,0.933333333333333,1,0,0.875,1,1,1,1,1,1,1,1,1,1,1,1,0.961538461538462,0.894736842105263,1,1,1,1,1,1,1,1,1,1,1,0.983606557377049,0.973684210526316,1,1,1,1,1,0.973684210526316,0.964285714285714,1,1,1,1,0.941176470588235,0.9,1,1,1,1,0.947368421052632,0.888888888888889,0.982456140350877,1,1,1,1,1,0.928571428571429,0.894736842105263,1,1,1,1,1,1,1,1,1,0.956521739130435,1,1,1,0.947368421052632,1,0.944444444444444,1,1,0.958333333333333,1,1,0.96,1,0.947368421052632,0.9375,1,1,1,1,1,0.944444444444444,1,0.8,1,1,1,1,1,1,1,1,1
"Gomes_2013_row_names",0.823529411764706,1,1,1,1,1,1,1,1,1,1,1,1,1,1,1,1,1,1,1,1,1,1,0.894736842105263,1,0.95,0.939393939393939,1,0.982456140350877,0.942857142857143,1,1,1,1,0.96551724137931,0.941176470588235,0.944444444444444,0.947368421052632,1,1,1,1,1,1,1,1,1,1,1,0.941176470588235,1,0.96551724137931,0.80952380952381,1,1,1,1,1,0.96,0.958333333333333,1,1,1,1,1,0.9375,1,0.875,0,0.981818181818182,0.956521739130435,1,1,1,1,1,1,1,1,1,1,1,0.9,0.974358974358974,1,1,1,1,1,1,1,1,1,1,1,0.974358974358974,1,1,1,1,1,0.987179487179487,1,1,1,1,1,0.944444444444444,0.954545454545455,1,1,1,1,0.894736842105263,0.894736842105263,0.982758620689655,1,0.91304347826087,1,1,0.973684210526316,0.931034482758621,0.842105263157895,1,1,1,0.909090909090909,1,1,1,1,0.956521739130435,1,1,1,1,0.95,0.954545454545455,0.888888888888889,1,1,0.96,1,1,0.826086956521739,1,0.894736842105263,0.875,1,1,1,1,1,0.666666666666667,1,0.733333333333333,1,1,1,1,0.970588235294118,1,1,1,0.947368421052632
"Gorchov_1995_row_names",0.978723404255319,1,1,1,1,1,1,1,1,1,1,1,1,1,1,1,1,1,0.96551724137931,0.96,1,0.980582524271845,1,0.979166666666667,1,0.979166666666667,0.967213114754098,1,0.988235294117647,0.984375,1,1,0.963636363636364,1,1,1,1,1,1,1,1,0.983606557377049,1,1,1,1,1,1,1,0.984126984126984,1,1,0.980769230769231,0.979166666666667,1,1,1,1,1,1,1,1,1,1,1,0.977272727272727,0.981132075471698,1,0.981818181818182,0,1,1,1,1,1,1,1,1,1,1,1,1,1,0.96969696969697,1,0.98,1,1,1,1,1,0.983333333333333,1,1,0.988888888888889,1,1,1,0.981481481481482,1,1,0.990566037735849,1,1,1,1,0.979166666666667,1,1,1,1,1,1,0.979166666666667,1,1,1,0.96078431372549,1,1,0.969230769230769,0.982758620689655,0.979591836734694,1,1,1,0.96,1,1,1,1,1,1,1,1,1,1,1,1,0.971014492753623,0.982456140350877,0.981132075471698,0.980392156862745,0.980392156862745,0.942307692307692,1,1,0.977777777777778,1,1,1,1,1,0.978723404255319,1,0.978260869565217,1,1,1,1,1,1,1,1,0.978723404255319
"Hayashi_1996_row_names",0.857142857142857,0.9375,1,1,1,1,1,1,1,1,1,1,1,1,1,1,1,1,1,1,1,1,1,0.9375,1,0.9375,0.966666666666667,1,1,0.935483870967742,1,1,1,1,1,1,1,1,1,1,1,1,1,1,1,1,1,1,1,0.967741935483871,0.988636363636364,1,0.894736842105263,1,0.875,1,1,1,1,1,1,1,1,1,0.9375,1,0.9,1,0.956521739130435,1,0,1,1,1,1,1,1,1,1,1,1,1,1,1,0.909090909090909,1,1,1,1,1,1,0.964285714285714,1,1,1,1,1,1,1,1,1,0.986486486486487,1,1,1,1,0.9375,1,1,1,1,1,1,1,1,1,1,0.894736842105263,1,1,1,1,0.8,1,1,1,0.888888888888889,1,1,1,1,1,1,1,1,1,1,1,1,1,1,0.9,1,1,1,1,0.9375,1,1,1,1,1,1,0.933333333333333,0.984375,1,1,1,1,1,1,1,1,1,1
"Hernandez_Montero_2015_B4_Dry_row_names",1,0.909090909090909,1,1,1,1,1,1,1,1,1,1,1,1,1,1,1,1,1,1,1,1,1,1,1,0.909090909090909,0.96,1,1,1,1,1,1,1,1,1,1,1,1,1,1,1,1,1,1,1,1,1,1,1,1,1,1,1,1,1,1,1,1,1,1,1,1,1,0.964285714285714,1,0.9375,1,1,1,1,0,0.625,1,1,1,1,1,1,1,1,1,1,0.966666666666667,1,0.923076923076923,1,1,1,1,1,1,1,1,1,1,1,1,1,1,1,1,1,1,1,1,1,1,1,1,1,1,1,1,1,1,1,1,1,1,1,1,1,1,1,1,0.928571428571429,1,1,1,1,1,1,1,1,1,1,1,1,1,1,0.9375,0.928571428571429,1,1,1,1,1,1,1,1,1,1,1,1,1,1,1,1,1,1,1,1,0.961538461538462,1
"Hernandez_Montero_2015_B4_Norte_row_names",1,0.916666666666667,1,1,1,1,1,1,1,1,1,1,1,1,1,1,1,1,1,1,0.956521739130435,1,1,1,1,1,0.961538461538462,1,1,0.964285714285714,1,1,1,1,1,1,1,1,1,1,1,1,1,1,0.96,1,1,1,1,1,1,1,1,1,1,1,1,1,1,1,1,1,1,1,0.928571428571429,1,1,1,1,1,1,0.625,0,1,1,1,1,1,0.941176470588235,1,1,1,1,0.967741935483871,0.947368421052632,0.928571428571429,1,1,1,1,1,1,1,0.916666666666667,0.981481481481482,0.967741935483871,1,1,1,1,1,1,1,1,1,1,1,1,1,1,1,1,1,1,1,1,1,1,1,1,0.966666666666667,1,1,1,1,1,1,1,1,0.933333333333333,1,1,1,1,1,1,1,1,0.909090909090909,1,1,1,0.933333333333333,0.933333333333333,1,1,1,1,1,1,1,1,1,1,1,1,1,1,1,1,1,1,1,0.962962962962963,1
"Hovestadt_1997_row_names",1,1,1,1,1,1,1,1,1,1,1,1,1,1,1,1,1,1,1,1,1,1,1,1,1,1,1,1,1,1,1,1,1,1,1,1,1,1,0.90625,0.978260869565217,1,1,1,1,1,1,1,1,1,1,0.968421052631579,1,1,1,1,1,1,1,1,1,1,1,1,1,1,1,1,1,1,1,1,1,1,0,1,1,1,1,1,1,1,1,1,1,1,1,1,1,1,1,1,1,0.976744186046512,1,1,1,1,1,1,0.982758620689655,1,1,1,1,1,1,1,1,1,0.941176470588235,0.939393939393939,0.941176470588235,0.941176470588235,1,1,1,1,1,1,1,1,1,1,1,1,1,1,1,1,1,1,1,1,1,1,1,1,1,1,1,1,1,1,1,1,1,1,1,1,1,1,1,1,1,0.98780487804878,1,1,1,1,1,1,1,1,1,1
"Jaroszewicz_2013_row_names",1,1,0.989583333333333,0.994818652849741,0.994736842105263,0.994818652849741,0.994736842105263,0.994818652849741,0.989528795811518,0.989637305699482,0.989637305699482,0.984293193717278,0.994764397905759,0.994736842105263,1,1,0.994818652849741,0.994818652849741,1,1,1,1,1,1,1,1,1,1,1,1,1,1,1,1,0.99,1,0.994736842105263,1,1,1,1,1,1,1,1,1,1,1,1,1,1,1,1,1,1,1,1,1,1,1,1,0.995024875621891,1,0.994791666666667,1,1,1,1,1,1,1,1,1,1,0,1,1,1,1,1,1,1,1,1,1,1,1,1,1,1,1,1,1,1,1,1,1,0.976635514018692,1,1,1,1,1,1,1,1,1,1,1,1,1,1,1,1,1,1,1,1,1,1,1,1,1,1,1,1,1,1,1,1,1,1,1,1,1,1,1,1,1,1,1,1,1,1,1,1,1,1,1,0.990196078431373,1,0.995121951219512,0.994897959183674,1,1,1,1,1,1,1,0.995145631067961,1,1,1,1
"Jayasekara_2003_row_names",1,1,1,1,1,1,1,1,1,1,1,1,1,1,1,1,1,1,1,1,1,1,1,1,1,1,1,1,1,1,1,1,1,1,1,1,1,1,1,1,1,1,1,1,1,1,1,1,1,1,1,1,1,1,1,1,1,1,1,1,1,1,1,1,1,1,1,1,1,1,1,1,1,1,1,0,0.4,1,1,1,1,1,1,1,1,1,1,1,1,1,1,1,1,1,1,1,1,1,1,1,1,1,1,1,1,1,1,1,1,1,1,1,1,1,1,1,1,1,1,1,1,1,1,1,1,1,1,1,1,1,1,1,1,1,1,1,1,1,1,1,1,1,1,1,1,0.928571428571429,1,1,1,1,1,1,1,1,1,1,1,1,1,1,1,1,1,1,1
"Jayasekara_2007_row_names",1,1,1,1,1,1,1,1,1,1,1,1,1,1,1,1,1,1,1,1,1,1,1,1,1,1,1,1,1,1,1,1,1,1,1,1,1,1,1,0.96969696969697,1,1,1,1,1,1,1,1,1,1,1,1,1,1,1,1,1,1,1,1,1,1,1,1,1,1,1,1,1,1,1,1,1,1,1,0.4,0,1,1,1,1,1,1,1,1,1,1,1,1,1,1,1,1,1,1,1,1,1,1,1,1,1,1,1,1,1,1,1,1,1,1,1,1,1,1,1,1,1,1,1,1,1,1,1,1,1,1,1,1,1,1,1,1,1,1,1,1,1,1,1,1,1,1,1,1,0.95,1,1,1,1,1,1,1,1,1,1,1,1,1,1,1,1,1,1,1
"Kamruzzaman_2008_row_names",1,1,1,1,1,1,1,1,1,1,1,1,1,1,1,1,1,1,1,1,0.951219512195122,1,1,1,1,1,0.977777777777778,1,1,1,0.985294117647059,1,1,1,1,1,1,1,1,0.926829268292683,1,1,1,1,1,1,1,1,1,0.955555555555556,0.973404255319149,1,1,1,1,0.966666666666667,1,1,1,1,1,1,1,1,0.979166666666667,0.962962962962963,0.972222222222222,1,1,1,1,1,1,1,1,1,1,0,1,1,1,1,1,1,1,1,1,1,1,1,1,1,0.975,1,0.972222222222222,1,1,1,1,0.981818181818182,1,1,1,1,1,1,1,1,1,1,1,1,1,1,1,0.970588235294118,1,1,1,1,1,1,1,1,1,0.972972972972973,1,1,1,1,1,1,1,1,1,1,1,1,1,1,1,0.972222222222222,1,1,1,0.966666666666667,1,1,1,1,1,1,1,1,0.987341772151899,1,1,1,1,1,1,1,1,1,0.966666666666667
"Kessler_Rios_2012_row_names",1,0.944444444444444,1,1,1,1,1,1,1,1,1,1,1,1,1,1,1,1,1,1,0.96551724137931,1,1,1,1,1,0.96875,1,1,1,1,1,1,1,1,1,1,1,1,1,1,1,1,1,0.967741935483871,1,1,1,1,1,1,1,1,1,1,1,1,1,1,1,1,1,1,1,1,1,1,1,1,1,1,1,0.941176470588235,1,1,1,1,1,0,1,1,1,1,1,1,1,1,1,1,1,1,1,1,0.944444444444444,0.983333333333333,0.972972972972973,1,1,1,1,1,1,0.962962962962963,1,1,1,1,1,1,1,1,1,1,1,1,1,1,1,1,1,1,1,1,1,1,1,1,1,1,0.9,0.95,1,1,1,1,1,1,1,0.941176470588235,1,1,1,1,1,1,1,1,1,1,1,1,1,1,1,1,1,1,1,1,1,1,1,1,1,1
"Koike_2008_row_names",1,1,1,1,1,1,1,1,1,1,1,1,1,1,1,1,1,1,1,1,1,1,1,1,1,1,1,1,1,1,1,1,1,1,1,1,1,1,1,1,1,1,1,1,1,1,1,1,1,1,1,1,1,1,1,1,1,1,1,1,1,1,1,1,1,1,1,1,1,1,1,1,1,1,1,1,1,1,1,0,1,1,1,1,1,1,1,1,1,1,1,1,1,1,1,1,1,1,1,1,1,1,1,1,1,1,1,1,1,1,1,1,1,1,1,1,0.971428571428571,1,1,1,1,1,1,1,1,1,1,1,1,1,1,1,1,1,1,1,1,1,1,1,1,1,1,1,1,1,1,1,1,1,1,1,1,1,1,1,1,1,1,1,1,1,1,1,1
"Lessa_2010_row_names",1,1,1,1,1,1,1,1,1,1,1,1,1,1,1,1,1,1,1,1,1,1,1,1,1,1,1,1,1,1,1,1,0.954545454545455,0.952380952380952,1,1,1,1,1,1,1,0.962962962962963,1,1,1,1,1,1,1,1,1,1,1,1,1,1,1,1,1,1,1,1,1,1,1,1,1,1,1,1,1,1,1,1,1,1,1,1,1,1,0,0.533333333333333,1,1,1,1,1,1,1,1,1,1,1,1,1,1,1,1,0.95,1,1,0.971830985915493,1,1,1,1,1,1,1,1,1,1,1,1,1,1,1,1,1,1,1,1,1,1,1,1,1,1,1,1,1,1,1,1,1,1,1,1,1,1,1,1,1,1,1,1,1,1,1,1,1,1,1,1,1,1,1,1,1,1,1,1,1,1,1
"Lessa_2013_row_names",1,1,1,1,1,1,1,1,1,1,1,1,1,1,1,1,1,1,1,1,1,1,1,1,1,1,1,1,1,1,1,1,0.964285714285714,0.962962962962963,1,1,1,1,1,1,1,1,1,1,1,1,1,1,1,1,1,1,1,1,1,1,1,1,1,1,1,1,1,1,1,1,1,0.961538461538462,1,1,1,1,1,1,1,1,1,1,1,1,0.533333333333333,0,1,1,1,1,1,1,1,1,1,1,1,1,1,1,1,1,0.961538461538462,1,1,0.974025974025974,1,1,1,1,1,1,1,1,1,1,1,1,1,1,1,1,1,1,1,1,1,1,1,1,1,1,1,1,1,1,1,1,1,1,1,1,1,1,1,1,1,1,1,1,1,1,1,1,1,1,1,1,1,1,1,1,1,1,1,1,1,1,1
"Lima_2016_row_names",0.833333333333333,1,1,1,1,1,1,1,1,1,1,1,1,1,1,1,1,1,1,1,1,1,1,1,1,1,1,1,0.980392156862745,1,1,1,1,1,1,1,1,1,1,1,1,1,1,1,1,1,1,1,1,1,1,0.909090909090909,0.944444444444444,1,1,1,1,1,1,1,1,1,1,1,1,0.9,1,0.894736842105263,0.9,1,1,1,1,1,1,1,1,1,1,1,1,1,0,1,1,1,1,1,1,1,1,1,1,1,0.982142857142857,1,1,1,1,1,1,0.986111111111111,1,1,1,1,1,1,0.9375,1,1,1,1,1,0.928571428571429,1,1,1,1,1,1,0.958333333333333,1,1,1,1,1,1,1,1,1,1,1,1,1,1,1,1,1,1,1,1,1,1,1,1,1,1,1,1,1,1,1,1,1,0.818181818181818,1,1,1,1,1,1,1,1,1
"Lopez_and_Vaughn_2004_row_names",0.967741935483871,1,1,1,1,1,1,1,1,1,1,1,1,1,1,1,1,1,1,0.971428571428571,1,0.977011494252874,1,0.935483870967742,1,0.935483870967742,0.955555555555556,1,1,0.911111111111111,1,1,1,0.974358974358974,1,1,1,1,1,1,1,1,1,1,1,1,1,1,1,0.933333333333333,1,1,0.972222222222222,1,1,1,1,1,1,1,1,1,1,1,0.936170212765957,0.964285714285714,0.944444444444444,1,0.974358974358974,0.96969696969697,1,0.966666666666667,0.967741935483871,1,1,1,1,1,1,1,1,1,1,0,0.947368421052632,0.870967741935484,1,1,1,0.981481481481482,1,0.977272727272727,1,1,1,1,1,1,1,1,1,1,1,1,1,1,0.96875,1,1,1,1,1,1,0.935483870967742,1,1,1,0.972222222222222,1,1,0.75609756097561,0.976190476190476,1,1,1,1,0.875,1,1,1,1,0.971428571428571,1,1,1,1,0.96875,0.970588235294118,0.967741935483871,1,1,0.944444444444444,0.909090909090909,0.941176470588235,0.945945945945946,1,1,0.96551724137931,1,1,1,1,1,0.967741935483871,1,1,1,1,1,1,1,1,1,1,0.896551724137931
"Lou_2005_row_names",0.947368421052632,1,1,1,1,1,1,1,1,1,1,1,1,1,1,1,1,1,1,1,1,0.986842105263158,1,0.95,1,0.95,1,1,1,0.84375,1,1,1,1,1,1,1,1,1,1,1,1,1,1,1,1,1,1,1,1,1,1,0.958333333333333,1,0.9,1,1,1,1,1,1,1,1,1,0.944444444444444,1,0.869565217391304,1,1,1,0.909090909090909,1,0.947368421052632,1,1,1,1,1,1,1,1,1,1,0.947368421052632,0,0.789473684210526,1,1,1,1,1,0.96875,1,1,1,1,1,1,1,1,1,1,1,1,1,1,1,1,1,1,1,1,1,0.95,1,1,1,0.91304347826087,1,1,0.945945945945946,1,0.952380952380952,1,1,1,0.857142857142857,1,1,1,1,1,1,1,1,1,1,1,1,1,1,0.96,0.909090909090909,0.909090909090909,1,1,1,1,1,1,1,1,1,1,1,1,1,1,1,1,1,1,1,1,1
"Lou_2007_row_names",0.928571428571429,1,1,1,1,1,1,1,1,1,1,1,1,1,1,1,1,1,1,0.944444444444444,1,0.985915492957746,1,0.933333333333333,1,0.857142857142857,0.96551724137931,1,1,0.769230769230769,1,1,1,1,1,1,1,1,1,1,1,1,1,1,1,1,1,1,1,0.966666666666667,1,1,1,1,0.9375,1,1,1,1,1,1,1,1,1,0.935483870967742,0.909090909090909,0.894736842105263,1,1,0.98,1,0.923076923076923,0.928571428571429,1,1,1,1,1,1,1,1,1,1,0.870967741935484,0.789473684210526,0,1,1,1,1,1,1,1,1,1,1,1,1,1,1,1,1,1,1,1,1,0.769230769230769,1,1,1,1,1,1,0.933333333333333,1,1,1,0.947368421052632,1,1,0.9375,0.96,1,1,1,1,0.733333333333333,1,1,1,1,1,1,1,1,1,1,1,1,1,1,0.894736842105263,0.8125,0.882352941176471,0.952380952380952,1,1,0.916666666666667,1,1,1,1,1,0.928571428571429,1,1,1,1,1,1,1,0.928571428571429,1,1,0.928571428571429
"M_SD_001_row_names",1,1,1,1,1,1,1,1,1,1,1,1,1,1,1,1,1,1,1,1,1,1,1,1,1,1,1,1,1,1,1,1,1,1,1,1,1,1,1,1,1,1,1,1,1,1,1,1,1,1,1,1,1,1,1,1,1,1,1,1,1,1,1,1,1,1,1,1,1,1,1,1,1,1,1,1,1,1,1,1,1,1,1,1,1,1,0,1,1,1,1,1,1,1,1,1,1,1,1,1,1,1,1,0.9,0.909090909090909,0.9,1,1,1,1,1,1,1,1,1,1,1,1,1,1,1,1,1,1,1,1,1,1,1,1,1,1,1,1,1,1,1,1,1,1,1,1,1,1,1,1,1,1,1,1,1,1,1,1,1,1,1,1,1,1,1,1,1,1,1
"M_SD_002_row_names",1,1,1,1,1,1,1,1,1,1,1,1,1,1,1,1,1,1,1,1,1,1,1,1,1,1,1,1,1,1,1,1,1,1,1,1,1,1,1,1,1,1,1,1,1,1,1,1,1,1,1,1,1,1,1,1,1,1,1,1,1,1,1,1,1,1,1,1,1,1,1,1,1,1,1,1,1,1,1,1,1,1,1,1,1,1,1,0,1,1,1,1,1,1,1,1,1,1,1,1,1,1,1,1,1,1,1,1,1,1,1,1,1,1,1,1,1,1,1,1,1,1,1,1,1,0.888888888888889,1,1,1,1,1,1,1,1,1,1,1,1,1,1,1,1,1,1,1,1,1,1,1,1,1,1,1,1,1,1,1,0.909090909090909,0.909090909090909,1,1,1,1,1,1
"M_SD_003_row_names",1,1,1,1,1,1,1,1,1,1,1,1,1,1,1,1,1,1,0.972972972972973,1,1,0.949367088607595,0.975609756097561,1,1,1,1,1,1,1,1,1,1,1,1,1,1,1,1,1,1,1,0.942857142857143,0.971428571428571,0.947368421052632,0.973684210526316,0.975609756097561,0.975609756097561,1,1,1,1,1,1,1,1,1,1,1,1,1,1,1,1,0.976744186046512,1,1,1,1,1,1,1,1,1,1,1,1,1,1,1,1,1,1,1,1,1,1,1,0,0.6,0.852941176470588,0.741935483870968,1,1,0.970149253731343,1,1,1,1,1,1,0.975903614457831,1,1,1,1,1,1,1,1,1,1,1,1,1,1,1,1,1,1,1,1,1,1,1,1,1,0.952380952380952,0.95,0.96551724137931,1,1,1,1,0.952380952380952,0.958333333333333,1,1,1,0.979166666666667,0.971428571428571,1,1,1,0.935483870967742,1,1,1,1,1,1,1,1,1,1,1,1,1,1,1,1,1,1,0.975609756097561,1
"M_SD_004_row_names",1,1,1,1,1,1,1,1,1,1,1,1,1,1,1,1,1,1,0.978260869565217,1,1,0.966292134831461,0.98,1,1,1,1,1,1,1,1,1,1,1,1,1,1,1,1,1,1,1,0.977777777777778,0.977272727272727,0.957446808510638,0.978723404255319,0.98,0.98,1,0.959183673469388,0.994897959183674,1,1,1,1,1,1,1,1,1,1,1,1,1,0.96078431372549,1,1,1,1,1,1,1,1,1,1,1,1,1,1,1,1,1,1,0.981481481481482,1,1,1,1,0.6,0,0.883720930232558,0.702702702702703,1,1,0.96,0.981481481481482,1,1,1,1,1,0.978260869565217,1,1,1,1,1,1,1,1,1,1,1,1,1,0.986301369863014,1,1,1,1,0.981132075471698,1,1,1,1,1,1,0.966666666666667,0.96551724137931,0.973684210526316,1,1,1,1,0.966666666666667,0.96969696969697,1,1,1,0.982456140350877,0.977272727272727,1,1,1,0.95,1,1,1,1,1,1,1,1,1,1,1,1,1,1,1,1,0.970588235294118,1,0.98,1
"M_SD_005_row_names",1,1,1,1,1,1,1,1,1,1,1,1,1,1,1,1,1,1,1,1,1,1,1,1,1,1,1,1,1,1,1,1,1,1,1,1,1,1,1,1,1,1,1,1,1,1,1,1,1,1,1,1,1,1,1,1,1,1,1,1,1,1,1,1,0.976190476190476,1,1,1,1,1,1,1,1,1,1,1,1,1,1,1,1,1,1,1,1,1,1,1,0.852941176470588,0.883720930232558,0,0.882352941176471,1,1,1,1,1,1,1,1,1,1,1,1,1,1,1,1,1,1,1,1,1,1,1,1,1,1,1,1,1,1,1,1,1,1,1,1,1,1,1,0.964285714285714,0.96551724137931,0.958333333333333,0.95,1,0.96,1,1,1,1,1,1,1,1,1,1,1,1,1,1,1,1,1,1,1,1,1,1,1,1,1,1,1,1
"M_SD_006_row_names",0.958333333333333,1,1,1,1,1,1,1,1,1,1,1,1,1,1,1,1,1,0.972222222222222,1,1,0.962025316455696,1,0.96,1,0.96,1,1,1,0.975609756097561,1,1,1,1,1,1,1,1,1,1,1,1,0.971428571428571,1,1,1,1,1,1,0.975,0.994623655913978,1,0.96551724137931,1,0.961538461538462,1,1,1,1,1,1,1,1,1,0.976190476190476,1,1,1,1,0.983333333333333,0.964285714285714,1,1,1,1,1,1,1,1,1,1,1,1,0.977272727272727,0.96875,1,1,1,0.741935483870968,0.702702702702703,0.882352941176471,0,1,1,0.96969696969697,0.977272727272727,1,1,1,1,1,0.987951807228916,1,1,1,1,1,1,1,1,1,1,1,1,1,0.984126984126984,1,0.96551724137931,1,1,0.952380952380952,1,0.961538461538462,1,1,1,1,1,1,1,1,1,1,1,0.95,0.956521739130435,1,1,1,1,1,0.966666666666667,1,1,0.896551724137931,1,1,1,1,1,1,1,1,1,1,1,1,1,1,1,1,1,1,1,1
"M_SD_008_row_names",1,1,1,1,1,1,1,1,1,1,1,1,1,1,1,1,1,1,1,1,1,1,1,1,1,1,1,0.972972972972973,1,1,1,1,1,1,1,1,1,1,1,1,1,1,1,1,1,1,1,1,1,1,0.972067039106145,1,1,1,1,1,1,1,1,1,1,1,1,1,1,1,1,1,1,1,1,1,1,0.976744186046512,1,1,1,0.975,1,1,1,1,1,1,1,1,1,1,1,1,1,1,0,1,1,1,1,1,1,0.978260869565217,1,1,1,1,1,1,1,1,1,0.956521739130435,0.954545454545455,0.956521739130435,0.956521739130435,1,1,1,1,1,1,1,1,1,1,1,1,0.964285714285714,1,1,1,1,1,1,1,1,1,1,1,1,1,1,1,1,1,1,1,1,1,1,1,1,1,1,1,1,1,1,1,1,1,1,1,1,1,1,1
"M_SD_009_row_names",1,1,1,1,1,1,1,1,1,1,1,1,1,1,1,1,1,1,1,1,0.91304347826087,1,0.964285714285714,1,1,1,1,1,0.98,1,1,1,1,1,1,1,1,1,1,1,0.947368421052632,1,1,1,0.961538461538462,1,1,1,1,1,1,1,1,1,1,1,1,1,1,1,1,1,1,1,1,1,1,1,1,1,1,1,0.916666666666667,1,1,1,1,1,0.944444444444444,1,1,1,1,1,1,1,1,1,1,1,1,1,1,0,0.962962962962963,0.777777777777778,1,1,1,1,1,0.985915492957746,0.954545454545455,1,1,1,1,1,1,1,1,1,1,1,1,1,1,1,1,1,1,1,1,1,1,1,1,1,1,0.9375,1,1,1,1,1,1,1,1,0.916666666666667,1,1,1,1,1,1,1,1,1,1,1,1,1,1,1,1,1,1,1,1,1,1,1,1,1,1
"M_SD_010_single_partners_added_row_names",1,1,1,1,1,1,1,1,1,1,1,1,1,1,1,1,1,1,0.969230769230769,1,0.953125,0.972477064220183,1,0.981818181818182,1,1,0.985507246376812,1,0.989130434782609,0.985915492957746,1,1,1,1,1,1,1,1,1,1,0.966666666666667,1,1,1,0.985294117647059,1,1,1,1,0.955882352941177,0.985981308411215,1,1,1,0.982142857142857,1,1,1,1,1,1,1,1,1,0.957142857142857,1,0.983333333333333,0.983606557377049,1,0.988888888888889,1,1,0.981481481481482,1,1,1,1,0.972222222222222,0.983333333333333,1,1,1,0.982142857142857,1,1,1,1,1,0.970149253731343,0.96,1,0.96969696969697,1,0.962962962962963,0,0.972602739726027,1,1,1,1,1,0.972972972972973,1,1,1,1,1,1,1,1,1,1,1,1,1,0.978260869565217,1,1,1,1,0.986301369863014,1,1,1,1,1,1,1,1,0.982758620689655,1,1,0.983050847457627,1,1,1,0.981818181818182,1,0.981481481481482,0.987012987012987,0.984375,0.966101694915254,0.982758620689655,0.982758620689655,0.983606557377049,1,1,0.980769230769231,1,1,1,1,1,1,1,1,1,1,1,1,1,1,1,1,0.962264150943396
"M_SD_012_row_names",0.967741935483871,1,1,1,1,1,1,1,1,1,1,1,1,1,1,1,1,1,0.976744186046512,1,0.926829268292683,0.988636363636364,0.978723404255319,0.96875,1,0.96875,1,1,0.985507246376812,1,1,1,1,1,1,1,1,1,1,1,0.945945945945946,1,1,1,0.977777777777778,1,1,1,1,1,1,1,0.942857142857143,1,1,1,1,1,1,1,1,1,1,1,1,1,1,0.973684210526316,0.974358974358974,1,1,1,0.967741935483871,1,1,1,1,1,0.972972972972973,1,1,1,1,1,1,1,1,1,1,0.981481481481482,1,0.977272727272727,1,0.777777777777778,0.972602739726027,0,1,1,1,1,1,0.954022988505747,0.95,1,1,1,1,0.966666666666667,1,1,1,1,1,0.96875,0.935483870967742,0.985714285714286,1,1,1,1,1,0.951219512195122,0.9375,1,1,1,1,1,1,0.971428571428571,1,1,1,1,1,1,1,1,0.933333333333333,1,1,0.944444444444444,1,1,0.973684210526316,1,0.96875,0.96551724137931,1,1,1,1,1,0.967741935483871,1,0.966666666666667,1,1,1,1,1,1,1,1,1
"M_SD_020_row_names",1,1,1,1,1,1,1,1,0.967741935483871,0.96969696969697,1,0.96875,1,1,1,1,1,1,1,1,1,1,1,1,1,1,1,1,1,1,1,1,1,1,0.948717948717949,1,0.96551724137931,0.966666666666667,1,1,1,1,1,1,1,1,1,1,1,1,1,1,1,1,1,1,0.838709677419355,1,0.972222222222222,1,1,0.975,1,0.896551724137931,1,1,1,1,1,1,1,1,1,1,1,1,1,1,1,1,1,1,1,1,1,1,1,1,1,1,1,1,1,1,1,1,0,0.982456140350877,1,1,0.945945945945946,1,1,1,1,1,1,1,1,1,1,1,1,1,1,1,1,1,1,1,1,1,1,0.928571428571429,0.964285714285714,1,1,1,1,1,1,1,1,1,1,1,1,1,1,1,1,1,1,1,1,1,1,1,0.837837837837838,0.902439024390244,0.892857142857143,0.902439024390244,0.909090909090909,1,1,1,0.888888888888889,1,1,0.972222222222222,1,1,1,1,1
"M_SD_031_row_names",1,1,1,1,1,1,1,1,1,1,1,1,1,1,1,1,1,1,1,1,1,1,1,1,1,1,1,1,1,1,1,1,1,1,0.979166666666667,0.972222222222222,0.972972972972973,0.973684210526316,1,1,1,1,1,1,1,1,1,1,1,1,1,1,1,1,1,1,0.976744186046512,1,1,1,1,1,1,1,1,1,1,1,1,1,1,1,1,1,0.976635514018692,1,1,1,1,1,1,1,1,1,1,1,1,1,1,1,1,1,1,1,1,1,0.982456140350877,0,1,1,1,1,1,1,1,1,1,1,1,1,1,1,1,1,1,1,1,1,1,1,1,1,1,1,1,1,1,1,1,1,1,1,1,1,1,1,1,1,1,1,1,1,1,1,1,1,1,1,1,1,1,1,1,1,1,1,1,1,1,0.977272727272727,0.981132075471698,1,1,1,1
"M_SD_033_row_names",1,1,1,1,1,1,1,1,1,1,1,1,1,1,1,1,1,1,1,1,1,0.972972972972973,1,1,1,1,1,1,1,1,1,1,1,1,1,1,1,1,1,1,1,1,1,1,1,1,1,1,1,1,1,1,1,1,1,1,1,1,1,1,1,1,1,1,1,1,1,1,1,0.981481481481482,1,1,1,1,1,1,1,1,1,1,0.95,0.961538461538462,1,1,1,1,1,1,1,1,1,1,1,1,1,1,1,1,0,1,1,0.987012987012987,1,1,1,1,1,1,1,1,1,1,1,1,1,1,1,1,1,1,1,1,1,1,1,1,1,1,1,1,1,1,1,1,1,1,1,1,1,1,1,1,1,1,1,1,1,1,1,1,1,1,1,1,1,1,1,1,1,1,1,0.944444444444444,1,1,1
"M_SD_034_row_names",1,1,1,1,1,1,1,1,1,1,1,1,1,1,1,1,1,1,1,1,1,1,1,1,1,1,1,1,1,1,1,1,1,1,1,1,1,1,1,1,1,1,1,1,1,1,1,1,1,1,0.963541666666667,1,1,1,1,1,1,1,1,1,1,1,1,1,1,1,1,1,1,1,1,1,1,0.982758620689655,1,1,1,0.981818181818182,1,1,1,1,1,1,1,1,1,1,1,1,1,1,0.978260869565217,1,1,1,1,1,1,0,1,1,1,1,1,1,1,1,0.974358974358974,0.818181818181818,0.848484848484849,0.818181818181818,0.818181818181818,1,1,0.972972972972973,1,1,1,1,1,1,1,1,1,1,1,1,1,1,1,1,1,1,1,1,1,1,0.972222222222222,1,1,1,1,1,1,1,1,1,1,1,1,1,1,1,0.988235294117647,1,1,1,1,1,1,1,1,1,1
"MacFarlane_2016_row_names",1,1,1,1,1,1,1,1,0.95,0.954545454545455,1,0.952380952380952,1,1,1,1,1,1,1,1,1,1,1,1,0.814814814814815,1,1,1,1,1,1,1,1,1,0.96551724137931,1,1,1,1,1,1,1,1,1,1,1,1,1,1,1,1,1,1,1,1,1,0.958333333333333,0.80952380952381,0.7,0.80952380952381,0.8,0.75,0.818181818181818,0.894736842105263,1,1,1,1,1,1,1,1,1,1,1,1,1,1,1,1,1,1,1,1,1,1,1,1,1,1,1,1,1,1,1,1,0.945945945945946,1,1,1,0,1,1,1,1,1,1,1,1,1,1,1,1,1,1,1,1,1,0.975609756097561,1,1,1,1,0.944444444444444,0.941176470588235,1,1,1,1,1,1,1,1,1,1,1,1,1,1,1,1,1,1,1,1,1,1,1,0.933333333333333,0.9375,0.947368421052632,0.9375,0.958333333333333,1,1,1,1,1,1,0.631578947368421,0.75,1,0.653846153846154,1,1
"Machado_de_Souza_2019_row_names",0.985714285714286,1,1,1,1,1,1,1,1,1,1,1,1,1,1,1,1,1,0.9625,1,0.975308641975309,0.984126984126984,0.976470588235294,0.985915492957746,1,0.985915492957746,1,1,0.840425531914894,1,1,1,0.987341772151899,0.987179487179487,1,1,1,1,1,1,0.96,1,0.987654320987654,1,0.988095238095238,0.987951807228916,0.988372093023256,0.988372093023256,1,1,1,0.934210526315789,0.986666666666667,0.985915492957746,1,1,1,1,1,1,1,1,1,1,1,1,1,0.973684210526316,0.987179487179487,0.990566037735849,0.986486486486487,1,1,1,1,1,1,1,1,1,0.971830985915493,0.974025974025974,0.986111111111111,1,1,1,1,1,0.975903614457831,0.978260869565217,1,0.987951807228916,1,0.985915492957746,0.972972972972973,0.954022988505747,1,1,0.987012987012987,1,1,0,0.9875,1,1,1,1,0.985507246376812,1,1,1,1,1,0.985915492957746,0.985915492957746,1,1,1,1,1,1,0.987654320987654,0.971830985915493,1,1,1,1,0.984848484848485,0.984615384615385,0.986486486486487,1,1,1,1,1,1,1,1,0.985714285714286,0.967032967032967,0.948051948051948,0.973333333333333,1,1,0.973684210526316,1,0.985915492957746,0.985294117647059,1,1,1,1,1,0.985714285714286,1,0.985507246376812,1,1,1,1,1,1,1,0.988372093023256,1
"Malacco_da_Silva_2014_row_names",1,1,1,1,1,1,1,1,1,1,1,1,1,1,1,1,1,1,0.9375,1,1,1,1,1,1,1,1,1,0.983050847457627,1,1,1,1,1,1,1,1,1,1,1,1,1,1,1,1,1,1,1,1,1,1,1,1,1,1,1,1,1,1,1,1,1,1,1,1,1,1,0.964285714285714,1,1,1,1,1,1,1,1,1,1,0.962962962962963,1,1,1,1,1,1,1,1,1,1,1,1,1,1,0.954545454545455,1,0.95,1,1,1,1,1,0.9875,0,1,1,1,1,0.894736842105263,1,1,1,1,1,1,1,1,1,1,1,1,1,1,0.909090909090909,1,1,1,1,1,1,0.96,0.958333333333333,1,1,1,1,1,1,1,1,1,1,1,1,1,1,1,1,1,1,1,1,1,1,1,1,1,1,1,1,1,1,1,1,1,1
"Malmborg_1988_1980_row_names",1,1,1,1,1,1,1,1,1,1,1,1,1,1,1,1,1,1,1,1,1,1,1,1,1,1,1,1,1,1,1,1,1,1,1,1,1,1,1,1,1,1,1,1,1,1,1,1,1,1,1,1,1,1,1,1,1,1,1,1,1,1,1,1,1,1,1,1,1,1,1,1,1,1,1,1,1,1,1,1,1,1,1,1,1,1,0.9,1,1,1,1,1,1,1,1,1,1,1,1,1,1,1,1,0,0.428571428571429,0.571428571428571,1,1,1,1,1,1,1,1,1,1,1,1,1,1,1,1,1,1,1,1,1,1,1,1,1,1,1,1,1,1,1,1,1,1,1,1,1,1,1,1,1,1,1,1,1,1,1,1,1,1,1,1,1,1,1,1,1,1,1
"Malmborg_1988_1981_row_names",1,1,1,1,1,1,1,1,1,1,1,1,1,1,1,1,1,1,1,1,1,1,1,1,1,1,1,1,1,1,1,1,1,1,1,1,1,1,1,1,1,1,1,1,1,1,1,1,1,1,1,1,1,1,1,1,1,1,1,1,1,1,1,1,1,1,1,1,1,1,1,1,1,1,1,1,1,1,1,1,1,1,1,1,1,1,0.909090909090909,1,1,1,1,1,1,1,1,1,1,1,1,1,1,1,1,0.428571428571429,0,0.428571428571429,1,1,1,1,1,1,1,1,1,1,1,1,1,1,1,1,1,1,1,1,1,1,1,1,1,1,1,1,1,1,1,1,1,1,1,1,1,1,1,1,1,1,1,1,1,1,1,1,1,1,1,1,1,1,1,1,1,1,1
"Malmborg_1988_1982_row_names",1,1,1,1,1,1,1,1,1,1,1,1,1,1,1,1,1,1,1,1,1,1,1,1,1,1,1,1,1,1,1,1,1,1,1,0.875,0.888888888888889,0.9,1,1,1,1,1,1,1,1,1,1,1,1,1,1,1,1,1,1,1,1,1,1,1,1,1,1,1,1,1,1,1,1,1,1,1,1,1,1,1,1,1,1,1,1,1,1,1,1,0.9,1,1,1,1,1,1,1,1,1,1,1,1,1,1,1,1,0.571428571428571,0.428571428571429,0,1,1,1,1,1,1,1,1,1,1,1,1,1,1,1,1,1,1,1,1,1,1,1,1,1,1,1,1,1,1,1,1,1,1,1,1,1,1,1,1,1,1,1,1,1,1,1,1,1,1,1,1,1,1,1,1,1,1,1
"Mancina_2007_dry_row_names",0.916666666666667,1,1,1,1,1,1,1,1,1,1,1,1,1,1,1,1,1,1,0.9375,1,1,1,0.923076923076923,1,0.923076923076923,0.962962962962963,1,1,0.888888888888889,1,1,1,1,1,1,1,1,1,1,1,1,1,1,1,1,1,1,1,0.964285714285714,1,1,0.941176470588235,1,0.928571428571429,1,1,1,1,1,1,1,1,1,0.966666666666667,0.888888888888889,0.944444444444444,1,1,0.979166666666667,0.9375,1,1,1,1,1,1,1,1,1,1,1,1,0.96875,1,0.769230769230769,1,1,1,1,1,1,1,1,1,1,1,1,1,1,1,1,1,1,1,1,0,1,1,1,1,1,1,0.923076923076923,1,1,1,0.875,1,1,1,0.956521739130435,1,1,1,1,0.866666666666667,1,1,1,1,1,1,1,1,1,1,1,1,1,1,0.944444444444444,1,1,0.947368421052632,1,1,0.9,1,1,1,1,1,0.916666666666667,1,1,1,1,1,1,1,0.916666666666667,1,1,0.916666666666667
"Marcos_da_Silva_2013_row_names",0.9,1,1,1,1,1,1,1,1,1,1,1,1,1,1,1,1,1,1,1,1,1,1,0.909090909090909,1,0.909090909090909,1,1,1,1,1,1,1,1,1,1,1,1,1,1,1,1,1,1,1,1,1,1,1,1,1,1,0.933333333333333,1,1,1,1,1,1,1,1,1,1,1,1,1,1,0.941176470588235,0.944444444444444,1,1,1,1,1,1,1,1,1,1,1,1,1,1,1,1,1,1,1,1,1,1,1,1,1,1,0.966666666666667,1,1,1,1,1,0.985507246376812,0.894736842105263,1,1,1,1,0,1,1,1,1,1,0.909090909090909,0.909090909090909,1,1,1,1,1,1,0.952380952380952,0.916666666666667,1,1,1,1,1,1,1,1,1,1,1,1,1,1,1,0.9,1,1,0.9375,1,1,0.941176470588235,1,0.909090909090909,0.875,1,1,1,1,1,0.9,1,0.888888888888889,1,1,1,1,1,1,1,1,1
"Mello_2014_Mata_de_Grota_row_names",0.928571428571429,1,1,1,1,1,1,1,1,1,1,1,1,1,1,1,1,1,1,1,0.961538461538462,1,1,1,1,0.933333333333333,1,1,0.980769230769231,1,1,1,1,1,1,1,1,1,1,1,1,1,1,1,1,1,1,1,1,1,1,0.958333333333333,0.888888888888889,1,1,1,1,1,1,1,1,1,1,1,1,0.909090909090909,1,0.9,0.954545454545455,1,1,1,1,1,1,1,1,1,1,1,1,1,0.9375,1,1,1,1,1,1,1,1,1,1,1,1,1,1,1,1,0.974358974358974,1,1,1,1,1,1,1,1,0,1,1,1,1,1,0.933333333333333,1,1,1,1,1,1,0.916666666666667,0.9375,1,1,1,1,1,1,1,1,1,1,1,1,1,1,1,0.928571428571429,1,1,0.95,1,1,1,1,1,1,1,1,1,1,1,1,1,0.923076923076923,1,1,1,1,1,1,1,1,1
"Menke_2012_edge_highly_dist_row_names",1,1,1,1,1,1,1,1,1,1,1,1,1,1,1,1,1,1,1,1,1,1,1,1,1,1,1,1,1,1,1,1,1,1,1,1,1,1,0.846153846153846,1,1,1,1,1,1,1,1,1,1,1,0.970760233918129,1,1,1,1,1,1,1,1,1,1,1,1,1,1,1,1,1,1,1,1,1,1,0.941176470588235,1,1,1,1,1,1,1,1,1,1,1,1,1,1,1,1,1,1,0.956521739130435,1,1,1,1,1,1,0.818181818181818,1,1,1,1,1,1,1,1,1,0,0.125,0,0,1,1,1,1,1,1,1,1,1,1,1,1,1,1,1,1,1,1,1,1,1,1,1,1,1,1,1,1,1,1,1,1,1,1,1,1,1,1,1,1,1,0.983870967741935,1,1,1,1,1,1,1,1,1,1
"Menke_2012_edge_little_dist_row_names",1,1,1,1,1,1,1,1,1,1,1,1,1,1,1,1,1,1,1,1,1,1,1,1,1,1,1,1,1,1,1,1,1,1,1,1,1,1,0.833333333333333,1,1,1,1,1,1,1,1,1,1,1,0.970588235294118,1,1,1,1,1,1,1,1,1,1,1,1,1,1,1,1,1,1,1,1,1,1,0.939393939393939,1,1,1,1,1,1,1,1,1,1,1,1,1,1,1,1,1,1,0.954545454545455,1,1,1,1,1,1,0.848484848484849,1,1,1,1,1,1,1,1,1,0.125,0,0.125,0.125,1,1,1,1,1,1,1,1,1,1,1,1,1,1,1,1,1,1,1,1,1,1,1,1,1,1,1,1,1,1,1,1,1,1,1,1,1,1,1,1,1,0.983606557377049,1,1,1,1,1,1,1,1,1,1
"Menke_2012_interior_highly_dist_row_names",1,1,1,1,1,1,1,1,1,1,1,1,1,1,1,1,1,1,1,1,1,1,1,1,1,1,1,1,1,1,1,1,1,1,1,1,1,1,0.846153846153846,1,1,1,1,1,1,1,1,1,1,1,0.970760233918129,1,1,1,1,1,1,1,1,1,1,1,1,1,1,1,1,1,1,1,1,1,1,0.941176470588235,1,1,1,1,1,1,1,1,1,1,1,1,1,1,1,1,1,1,0.956521739130435,1,1,1,1,1,1,0.818181818181818,1,1,1,1,1,1,1,1,1,0,0.125,0,0,1,1,1,1,1,1,1,1,1,1,1,1,1,1,1,1,1,1,1,1,1,1,1,1,1,1,1,1,1,1,1,1,1,1,1,1,1,1,1,1,1,0.983870967741935,1,1,1,1,1,1,1,1,1,1
"Menke_2012_interior_little_dist_row_names",1,1,1,1,1,1,1,1,1,1,1,1,1,1,1,1,1,1,1,1,1,1,1,1,1,1,1,1,1,1,1,1,1,1,1,1,1,1,0.846153846153846,1,1,1,1,1,1,1,1,1,1,1,0.970760233918129,1,1,1,1,1,1,1,1,1,1,1,1,1,1,1,1,1,1,1,1,1,1,0.941176470588235,1,1,1,1,1,1,1,1,1,1,1,1,1,1,1,1,1,1,0.956521739130435,1,1,1,1,1,1,0.818181818181818,1,1,1,1,1,1,1,1,1,0,0.125,0,0,1,1,1,1,1,1,1,1,1,1,1,1,1,1,1,1,1,1,1,1,1,1,1,1,1,1,1,1,1,1,1,1,1,1,1,1,1,1,1,1,1,0.983870967741935,1,1,1,1,1,1,1,1,1,1
"Munin_2012_row_names",0.818181818181818,1,1,1,1,1,1,1,1,1,1,1,1,1,1,1,1,1,1,0.9375,0.958333333333333,1,1,0.6,1,0.833333333333333,0.923076923076923,1,1,0.888888888888889,1,1,1,1,1,1,1,1,1,1,1,1,1,1,1,1,1,1,1,0.925925925925926,1,1,0.8,1,0.928571428571429,1,1,1,1,1,1,1,1,1,1,0.888888888888889,0.882352941176471,0.947368421052632,0.894736842105263,0.979166666666667,1,1,1,1,1,1,1,1,1,1,1,1,1,0.935483870967742,0.95,0.933333333333333,1,1,1,1,1,1,1,1,1,0.96875,1,1,1,1,1,0.985915492957746,1,1,1,1,0.923076923076923,0.909090909090909,1,1,1,1,1,0,0.923076923076923,1,1,0.875,1,1,0.967741935483871,0.909090909090909,0.928571428571429,1,1,1,0.866666666666667,1,1,1,1,0.9375,1,1,1,1,0.833333333333333,0.857142857142857,0.818181818181818,1,1,0.8125,1,1,0.888888888888889,1,0.923076923076923,0.777777777777778,1,1,1,1,1,0.818181818181818,1,0.909090909090909,1,1,1,1,1,1,1,1,0.7
"Munster_2008_row_names",0.818181818181818,1,1,1,1,1,1,1,1,1,1,1,1,1,1,1,1,1,1,1,1,1,1,0.923076923076923,1,0.923076923076923,1,1,0.98,1,1,1,1,1,1,1,1,1,1,1,1,1,1,1,1,1,1,1,1,1,1,0.954545454545455,0.875,1,1,1,1,1,1,1,1,1,1,1,1,0.888888888888889,1,0.888888888888889,0.894736842105263,1,1,1,1,1,1,1,1,1,1,1,1,1,0.928571428571429,1,1,1,1,1,1,1,1,1,1,1,1,0.935483870967742,1,1,1,1,1,0.985915492957746,1,1,1,1,1,0.909090909090909,0.933333333333333,1,1,1,1,0.923076923076923,0,1,1,1,1,1,1,0.8,0.928571428571429,1,1,1,1,1,1,1,1,1,1,1,1,1,1,1,0.916666666666667,1,1,0.882352941176471,1,1,0.947368421052632,1,0.923076923076923,0.9,1,1,1,1,1,0.916666666666667,1,0.8,1,1,1,1,1,1,1,1,1
"Nogales_2017_row_names",1,1,1,1,1,1,1,1,1,1,1,1,1,1,1,1,1,1,1,1,0.983870967741935,1,1,1,1,1,0.984615384615385,1,1,0.985074626865672,1,1,1,1,0.983333333333333,0.979166666666667,0.979591836734694,0.98,1,1,1,1,1,1,1,1,1,1,1,0.984848484848485,0.990521327014218,1,1,1,1,1,1,1,0.982142857142857,0.981818181818182,1,1,1,1,0.985294117647059,1,0.982142857142857,0.982456140350877,0.982758620689655,1,1,1,1,1,1,1,1,0.970588235294118,1,1,1,1,1,1,1,1,1,1,1,0.986301369863014,1,0.984126984126984,1,1,0.978260869565217,0.985714285714286,1,1,1,0.972972972972973,1,1,1,1,1,1,1,1,1,1,1,1,1,1,1,0,1,1,1,1,1,1,1,1,1,1,1,1,1,1,1,1,0.981818181818182,1,1,1,0.980392156862745,1,1,1,1,0.982142857142857,1,1,0.982456140350877,1,1,1,1,1,1,1,1,1,1,1,1,1,1,1,0.984615384615385,1,1,1,0.98
"Noma_1997_row_names",1,1,1,1,1,1,1,1,1,1,1,1,1,1,1,1,1,1,1,1,1,1,1,1,1,1,1,1,1,1,0.883333333333333,1,1,1,1,1,1,1,1,1,1,1,1,1,1,1,1,1,1,1,1,1,1,1,1,1,1,1,1,1,1,1,1,1,1,1,1,1,1,1,1,1,1,1,1,1,1,1,1,0.971428571428571,1,1,1,1,1,1,1,1,1,1,1,1,1,1,1,1,1,1,1,1,1,1,1,1,1,1,1,1,1,1,1,1,1,1,1,1,0,1,1,1,1,1,1,1,1,1,1,1,1,1,1,1,1,1,1,1,1,1,1,1,1,1,1,1,1,1,1,1,1,1,1,1,1,1,1,1,1,1,1,1,1,1,1,1,1
"Novoa_2011_row_names",0.866666666666667,1,1,1,1,1,1,1,1,1,1,1,1,1,1,1,1,1,1,0.894736842105263,0.964285714285714,1,1,0.875,1,0.875,0.967741935483871,1,1,0.903225806451613,1,1,1,1,1,1,1,1,1,1,1,0.966666666666667,1,1,0.966666666666667,1,1,1,1,0.935483870967742,1,1,0.842105263157895,1,0.882352941176471,1,1,1,1,1,1,1,1,1,0.970588235294118,0.923076923076923,0.85,1,0.91304347826087,0.96078431372549,0.894736842105263,1,1,1,1,1,1,1,1,1,1,1,1,0.972222222222222,0.91304347826087,0.947368421052632,1,1,1,1,1,0.96551724137931,1,1,1,1,1,1,1,1,1,1,1,1,1,1,0.875,1,1,1,1,1,1,0.875,1,1,1,0,1,1,1,0.962962962962963,0.882352941176471,1,1,1,0.833333333333333,1,1,1,1,1,1,1,1,1,1,1,1,1,1,0.904761904761905,1,1,0.857142857142857,1,1,0.928571428571429,1,1,1,1,1,0.866666666666667,1,0.933333333333333,1,1,1,1,1,1,1,1,0.9375
"Odonnell_1994_row_names",1,1,1,1,1,1,1,1,1,1,1,1,1,1,1,1,1,1,1,1,1,1,1,1,0.789473684210526,1,1,1,1,1,1,1,1,1,1,1,1,1,1,1,1,1,1,1,1,1,1,1,1,1,1,1,1,1,1,1,1,0.852941176470588,1,0.916666666666667,0.8125,0.842105263157895,0.888888888888889,1,1,1,1,1,1,1,1,1,1,1,1,1,1,1,1,1,1,1,1,1,1,1,1,1,1,1,1,1,1,1,1,1,1,1,1,1,0.975609756097561,1,1,1,1,1,1,1,1,1,1,1,1,1,1,1,1,1,0,1,1,1,1,1,1,1,1,1,1,1,1,1,1,1,1,1,1,1,1,1,1,1,1,1,1,1,1,1,1,1,1,1,1,1,1,1,1,1,1,0.918918918918919,0.833333333333333,1,0.886363636363636,1,1
"Palita_2011_row_names",1,1,1,1,1,1,1,1,1,1,1,1,1,1,1,1,1,1,1,1,1,1,0.962962962962963,1,1,1,1,1,1,1,1,1,1,1,1,1,1,1,1,1,1,1,1,1,1,1,1,1,1,1,1,1,1,1,1,1,1,1,1,1,1,1,1,1,1,1,1,1,1,1,1,1,1,1,1,1,1,1,1,1,1,1,1,1,1,1,1,1,1,1,1,1,1,1,1,1,1,1,1,1,1,1,1,1,1,1,1,1,1,1,1,1,1,1,1,1,1,1,1,0,1,1,1,1,1,1,1,1,1,1,1,1,1,1,1,1,1,1,1,1,1,1,1,1,1,1,1,1,1,1,1,1,1,1,1,1,1,1,1,1,1,1,1,1,1
"Palmeirim_1989_row_names",1,1,1,1,1,1,1,1,1,1,1,1,1,1,1,1,1,1,1,1,1,0.886075949367089,1,0.967741935483871,1,1,0.977777777777778,1,1,0.933333333333333,1,1,1,0.973684210526316,1,1,1,1,1,1,1,0.977272727272727,1,1,1,1,1,1,1,0.955555555555556,1,1,0.971428571428571,1,1,1,1,1,1,1,1,1,1,1,0.934782608695652,1,0.972222222222222,1,0.973684210526316,0.969230769230769,1,1,0.966666666666667,1,1,1,1,1,1,1,1,1,1,0.75609756097561,0.945945945945946,0.9375,1,1,1,0.981132075471698,1,0.952380952380952,1,1,0.986301369863014,1,1,1,1,1,1,1,1,1,1,1,1,1,1,1,1,1,1,0.967741935483871,1,1,1,1,1,1,0,1,1,1,1,1,0.939393939393939,1,1,1,1,0.970588235294118,1,1,1,1,0.967741935483871,0.9375,0.966666666666667,1,1,1,0.90625,0.90625,0.972972972972973,1,1,1,1,1,1,1,1,1,1,1,1,1,1,1,1,1,1,1,0.966666666666667
"Passos_2003_row_names",0.85,1,1,1,1,1,1,1,1,1,1,1,1,1,1,1,1,1,1,0.961538461538462,1,1,0.973684210526316,0.909090909090909,1,0.909090909090909,0.972972972972973,1,0.983333333333333,0.974358974358974,1,1,1,1,1,1,1,1,1,1,1,1,1,1,1,1,1,1,1,0.973684210526316,1,0.96875,0.923076923076923,1,1,1,1,1,1,1,1,1,1,1,1,0.888888888888889,1,0.928571428571429,0.931034482758621,0.982758620689655,1,1,1,1,1,1,1,1,1,1,1,1,0.958333333333333,0.976190476190476,1,0.96,1,1,1,1,1,1,1,1,1,0.951219512195122,1,1,1,1,1,0.987654320987654,1,1,1,1,0.956521739130435,0.952380952380952,0.916666666666667,1,1,1,1,0.909090909090909,0.8,1,1,0.962962962962963,1,1,1,0,0.958333333333333,1,1,1,0.961538461538462,1,1,1,1,1,1,1,1,1,1,1,0.954545454545455,1,1,0.884615384615385,1,1,0.928571428571429,1,0.956521739130435,0.894736842105263,1,1,1,1,1,0.904761904761905,1,0.9,1,1,1,1,1,1,1,1,0.954545454545455
"Pedro_1992_row_names",0.833333333333333,1,1,1,1,1,1,1,1,1,1,1,1,1,1,1,1,1,0.96,1,1,1,1,0.846153846153846,1,0.846153846153846,1,1,1,0.966666666666667,1,1,1,1,1,1,1,1,1,1,1,1,1,1,1,1,1,1,1,0.96551724137931,1,1,0.8125,1,0.933333333333333,1,1,1,1,1,1,1,1,1,1,1,1,0.894736842105263,0.842105263157895,0.979591836734694,0.8,1,1,1,1,1,1,1,1,1,1,1,1,1,0.952380952380952,1,1,1,1,1,1,0.961538461538462,1,1,1,0.9375,1,1,1,1,1,0.971830985915493,0.909090909090909,1,1,1,1,0.916666666666667,0.9375,1,1,1,1,0.928571428571429,0.928571428571429,1,1,0.882352941176471,1,1,1,0.958333333333333,0,1,1,1,1,1,1,1,1,1,1,1,1,1,1,1,0.923076923076923,1,1,0.823529411764706,1,1,0.894736842105263,1,0.846153846153846,0.909090909090909,1,1,1,1,1,0.833333333333333,1,0.818181818181818,1,1,1,1,1,1,1,1,1
"Peredo_2013_Pto_de_San_Lorenzo_row_names",1,1,1,1,1,1,1,1,0.909090909090909,0.923076923076923,1,0.916666666666667,1,1,1,1,1,1,1,1,1,1,1,1,1,1,1,1,1,1,1,1,1,1,1,1,1,1,1,1,1,1,1,1,1,1,1,1,1,1,1,1,1,1,1,1,0.857142857142857,1,0.9375,1,1,0.95,1,0.666666666666667,1,1,1,1,1,1,1,1,1,1,1,1,1,1,1,1,1,1,1,1,1,1,1,1,1,1,1,1,1,1,1,1,0.928571428571429,1,1,1,0.944444444444444,1,1,1,1,1,1,1,1,1,1,1,1,1,1,1,1,1,1,1,1,1,1,0,0.5,1,1,1,1,1,1,1,1,1,1,1,1,1,1,1,1,1,1,1,1,1,1,1,0.722222222222222,0.91304347826087,0.625,0.80952380952381,0.857142857142857,1,1,1,1,1,1,0.9375,1,1,1,1,1
"Peredo_2013_Puertos_de_Marabio_row_names",1,1,1,1,1,1,1,1,0.9,0.916666666666667,1,0.909090909090909,1,1,1,1,1,1,1,1,1,1,1,1,1,1,1,1,1,1,1,1,1,1,1,1,1,1,1,1,1,1,1,1,1,1,1,1,1,1,1,1,1,1,1,1,0.846153846153846,1,0.933333333333333,1,1,0.947368421052632,1,0.777777777777778,1,1,1,1,1,1,1,1,1,1,1,1,1,1,1,1,1,1,1,1,1,1,1,1,1,1,1,1,1,1,1,1,0.964285714285714,1,1,1,0.941176470588235,1,1,1,1,1,1,1,1,1,1,1,1,1,1,1,1,1,1,1,1,1,1,0.5,0,1,1,1,1,1,1,1,1,1,1,1,1,1,1,1,1,1,1,1,1,1,1,1,0.842105263157895,0.857142857142857,0.571428571428571,0.909090909090909,0.928571428571429,1,1,1,1,1,1,0.933333333333333,1,1,1,1,1
"Pratt_1985_row_names",1,1,1,1,1,1,1,1,1,1,1,1,1,1,1,1,1,1,1,1,1,1,1,1,1,1,1,1,1,1,1,1,1,1,1,1,1,1,1,1,1,1,1,1,1,1,1,1,1,1,1,1,1,1,1,1,1,1,1,1,1,1,1,1,1,1,1,1,1,1,1,1,1,1,1,1,1,0.972972972972973,1,1,1,1,1,1,1,1,1,0.888888888888889,1,1,1,1,0.964285714285714,1,1,1,1,1,1,1,1,1,1,1,1,1,1,1,1,1,1,1,1,1,1,1,1,1,1,1,1,1,1,1,1,0,1,1,1,1,1,1,1,1,1,1,1,1,1,1,1,1,1,1,1,1,1,1,1,1,1,1,1,1,1,1,1,1,1,1,1,1,1,1,1
"Preciado_Benitez_2015_row_names",0.933333333333333,1,1,1,1,1,1,1,1,1,1,1,1,1,1,1,1,1,1,0.888888888888889,1,0.986111111111111,1,0.866666666666667,1,0.866666666666667,0.851851851851852,1,1,0.821428571428571,1,1,0.958333333333333,1,1,1,1,1,1,1,1,0.96551724137931,1,1,1,1,1,1,1,0.896551724137931,1,1,0.894736842105263,1,0.941176470588235,1,1,1,1,1,1,1,1,1,0.9375,0.916666666666667,0.705882352941176,1,0.909090909090909,0.96,0.888888888888889,0.928571428571429,1,1,1,1,1,1,1,1,1,1,1,0.875,0.857142857142857,0.733333333333333,1,1,1,1,1,1,1,1,1,1,1,1,1,1,1,1,1,1,1,1,0.866666666666667,1,1,1,1,1,1,0.866666666666667,1,1,1,0.833333333333333,1,1,0.939393939393939,0.961538461538462,1,1,1,1,0,1,1,1,1,0.947368421052632,1,1,1,1,0.9375,0.944444444444444,0.933333333333333,0.973684210526316,1,0.9,0.823529411764706,0.888888888888889,0.954545454545455,1,1,0.833333333333333,1,1,1,1,1,0.857142857142857,1,1,1,1,1,1,1,1,1,1,0.857142857142857
"Quitian_2018_1000Fragmented_row_names",1,1,1,1,1,1,1,1,1,1,1,1,1,1,1,1,1,1,1,1,1,1,0.956521739130435,1,1,1,1,1,1,1,1,1,1,1,1,1,1,1,1,1,1,1,1,1,0.952380952380952,0.95,0.956521739130435,0.956521739130435,1,1,1,1,1,1,1,1,1,1,1,1,1,1,1,1,1,1,1,1,1,1,1,1,1,1,1,1,1,1,1,1,1,1,1,1,1,1,1,1,0.952380952380952,0.966666666666667,1,1,1,1,1,1,1,1,1,1,1,0.984848484848485,1,1,1,1,1,1,1,1,1,1,1,1,1,1,1,1,1,1,1,1,1,1,1,1,1,0,0.5,0.909090909090909,1,1,1,1,1,1,1,1,1,0.966666666666667,0.941176470588235,1,1,1,1,1,1,1,1,1,1,1,1,1,1,1,1,1,1,1,1,1,1,0.956521739130435,1
"Quitian_2018_1000Natural_row_names",1,1,1,1,1,1,1,1,1,1,1,1,1,1,1,1,1,1,1,1,1,1,0.954545454545455,1,1,1,1,1,1,1,1,1,1,1,1,1,1,1,1,1,1,1,1,1,0.95,0.947368421052632,0.954545454545455,0.954545454545455,1,1,1,1,1,1,1,1,1,1,1,1,1,1,1,1,1,1,1,1,1,1,1,1,1,1,1,1,1,1,1,1,1,1,1,1,1,1,1,1,0.95,0.96551724137931,1,1,1,1,1,1,1,1,1,1,1,0.984615384615385,1,1,1,1,1,1,1,1,1,1,1,1,1,1,1,1,1,1,1,1,1,1,1,1,1,0.5,0,0.9,1,1,1,1,1,1,1,1,1,0.96551724137931,0.9375,1,1,1,1,1,1,1,1,1,1,1,1,1,1,1,1,1,1,1,1,1,1,0.954545454545455,1
"Quitian_2018_2000Fragmented_row_names",1,1,1,1,1,1,1,1,1,1,1,1,1,1,1,1,1,1,1,1,0.962962962962963,1,0.967741935483871,1,1,1,0.966666666666667,1,1,1,1,1,1,1,1,1,1,1,1,1,1,1,1,0.96,0.888888888888889,0.964285714285714,0.967741935483871,0.967741935483871,1,1,1,1,1,1,1,1,1,1,1,1,1,1,1,1,1,1,1,1,1,1,1,1,0.933333333333333,1,1,1,1,1,0.9,1,1,1,1,1,1,1,1,1,0.96551724137931,0.973684210526316,1,1,1,0.9375,0.982758620689655,0.971428571428571,1,1,1,1,1,0.986486486486487,0.96,1,1,1,1,1,1,1,1,1,1,1,1,1,1,1,1,1,1,1,1,1,1,1,1,0.909090909090909,0.9,0,0.642857142857143,1,1,1,1,1,1,1,0.933333333333333,0.945945945945946,0.916666666666667,1,1,1,1,1,1,1,1,1,1,1,1,1,1,1,1,1,1,1,1,1,1,0.896551724137931,1
"Quitian_2018_2000Natural_row_names",1,1,1,1,1,1,1,1,1,1,1,1,1,1,1,1,1,1,1,1,1,1,1,1,1,1,0.96551724137931,1,1,1,1,1,1,1,1,1,1,1,1,1,1,0.964285714285714,1,0.958333333333333,1,1,1,1,1,1,1,1,1,1,1,1,1,1,1,1,1,1,1,1,1,1,1,1,1,1,1,1,1,1,1,1,1,1,0.95,1,1,1,1,1,1,1,1,1,1,1,1,1,1,1,1,1,1,1,1,1,1,1,0.958333333333333,1,1,1,1,1,1,1,1,1,1,1,1,1,1,1,1,1,1,1,1,1,1,1,1,1,1,0.642857142857143,0,1,1,1,1,1,1,1,1,1,1,1,1,1,1,1,1,1,1,1,1,1,1,1,1,1,1,1,1,1,1,1,1,0.892857142857143,1
"Ramos_Robles_2016_net10_row_names",1,1,1,1,1,1,1,1,1,1,1,1,1,1,1,1,1,1,1,1,1,1,1,0.9375,1,1,0.966666666666667,1,1,0.96875,1,1,1,1,1,1,1,1,1,1,1,1,1,1,1,1,1,1,1,0.967741935483871,1,1,0.95,1,1,1,1,1,1,1,1,1,1,1,1,1,1,1,0.956521739130435,1,1,1,1,1,1,1,1,1,1,1,1,1,1,0.971428571428571,1,1,1,1,1,1,0.964285714285714,1,1,1,1,1,1,1,1,1,1,1,1,1,1,1,1,1,1,1,1,1,1,0.9375,1,1,1,1,1,1,0.970588235294118,1,1,1,1,1,0.947368421052632,1,1,1,1,0,0.5,0.857142857142857,0.909090909090909,0.928571428571429,0.785714285714286,0.882352941176471,0.933333333333333,1,1,1,1,1,1,1,1,1,1,1,1,1,1,1,1,1,1,1,1,1,1,1,1,1,0.933333333333333
"Ramos_Robles_2016_net2_row_names",1,1,1,1,1,1,1,1,1,1,1,1,1,1,1,1,1,1,1,1,1,1,1,1,1,1,1,1,1,1,1,1,1,1,1,1,1,1,1,1,1,1,1,1,1,1,1,1,1,1,1,1,1,1,1,1,1,1,1,1,1,1,1,1,1,1,1,0.956521739130435,1,1,1,1,1,1,1,1,1,1,1,1,1,1,1,1,1,1,1,1,1,1,0.96551724137931,1,1,1,0.983050847457627,1,1,1,1,1,1,1,1,1,1,1,1,1,1,1,1,1,1,1,1,0.981818181818182,1,1,1,1,1,1,1,1,1,1,1,1,1,1,1,0.5,0,0.866666666666667,0.916666666666667,0.933333333333333,0.8,0.947368421052632,1,1,1,1,1,1,1,1,1,1,1,1,1,1,1,1,1,1,1,1,1,1,1,1,1,1,1
"Ramos_Robles_2016_net3_row_names",1,1,1,1,1,1,1,1,1,1,1,1,1,1,1,1,1,1,1,1,1,1,1,1,1,1,1,1,1,1,1,1,1,1,1,1,1,1,1,1,1,1,1,1,1,1,1,1,1,1,1,1,1,1,1,1,1,1,1,1,1,1,1,1,0.96551724137931,1,0.941176470588235,1,1,1,1,1,1,1,1,1,1,1,1,1,1,1,1,1,1,1,1,1,1,1,0.958333333333333,1,1,1,1,1,1,1,1,1,1,1,1,1,1,1,1,1,1,1,1,1,1,1,1,1,1,1,1,1,1,1,1,1,1,1,1,1,1,1,1,0.857142857142857,0.866666666666667,0,0.857142857142857,0.9,0.916666666666667,1,1,1,1,1,0.933333333333333,0.933333333333333,1,1,1,1,1,1,1,1,1,1,1,1,1,1,1,1,1,1,1,1,1
"Ramos_Robles_2016_net4_row_names",1,1,1,1,1,1,1,1,1,1,1,1,1,1,1,1,1,1,1,1,1,0.984375,1,1,1,1,1,1,1,1,1,1,1,1,1,1,1,1,1,1,1,1,1,1,1,1,1,1,1,1,1,1,1,1,1,1,1,1,1,1,1,1,1,1,1,1,1,1,1,1,1,1,1,1,1,1,1,1,1,1,1,1,1,1,1,1,1,1,0.952380952380952,0.966666666666667,0.95,0.95,1,1,1,1,1,1,1,1,1,1,1,1,1,1,1,1,1,1,1,1,1,1,1,1,1,1,1,1,1,1,1,1,1,1,1,1,1,1,1,0.909090909090909,0.916666666666667,0.857142857142857,0,0.833333333333333,0.875,1,1,1,1,1,1,1,1,1,1,1,1,1,1,1,1,1,1,1,1,1,1,1,1,1,1,1,1
"Ramos_Robles_2016_net6_row_names",1,1,1,1,1,1,1,1,1,1,1,1,1,1,1,1,1,1,1,1,1,0.985074626865672,1,1,1,1,1,1,1,1,1,1,1,1,1,1,1,1,1,1,1,1,1,1,1,1,1,1,1,1,1,1,1,1,1,1,1,1,1,1,1,1,1,1,1,1,1,1,1,1,1,1,1,1,1,1,1,1,1,1,1,1,1,1,1,1,1,1,0.958333333333333,0.96969696969697,1,0.956521739130435,1,1,1,1,1,1,1,1,1,1,1,1,1,1,1,1,1,1,1,1,1,1,1,1,1,1,1,1,1,1,1,1,1,1,1,1,1,1,1,0.928571428571429,0.933333333333333,0.9,0.833333333333333,0,0.8,0.727272727272727,1,1,1,1,1,1,1,1,1,1,1,1,1,1,1,1,1,1,1,1,1,1,1,1,1,1,1
"Ramos_Robles_2016_net7_row_names",1,1,1,1,1,1,1,1,1,1,1,1,1,1,1,1,1,1,1,1,0.958333333333333,1,1,0.833333333333333,1,1,0.962962962962963,1,1,0.96551724137931,1,1,1,1,1,1,1,1,1,1,1,1,1,1,1,1,1,1,1,0.964285714285714,1,1,0.875,1,0.846153846153846,1,1,1,1,1,1,1,1,1,1,1,0.882352941176471,0.947368421052632,0.95,1,1,1,1,1,1,1,1,1,1,1,1,1,1,0.96875,1,1,1,1,1,1,0.96,1,1,1,0.981818181818182,1,1,1,1,1,1,1,1,1,1,1,1,1,1,1,1,1,1,0.833333333333333,1,0.980392156862745,1,1,1,1,0.967741935483871,1,1,1,1,1,0.9375,1,1,1,1,0.785714285714286,0.8,0.916666666666667,0.875,0.8,0,0.545454545454545,0.916666666666667,1,1,0.944444444444444,0.9375,0.9375,1,1,1,1,1,1,1,1,1,1,1,1,1,1,1,1,1,1,1,1,0.916666666666667
"Ramos_Robles_2016_net8_row_names",1,1,1,1,1,1,1,1,1,1,1,1,1,1,1,1,1,1,1,1,0.961538461538462,1,1,0.857142857142857,1,1,0.96551724137931,1,1,0.967741935483871,1,1,1,1,1,1,1,1,1,1,1,0.964285714285714,1,1,1,1,1,1,1,0.966666666666667,1,1,0.888888888888889,1,0.866666666666667,1,1,1,1,1,1,1,1,1,1,1,0.894736842105263,1,0.954545454545455,1,1,1,1,1,1,1,1,1,1,1,1,1,1,0.970588235294118,1,1,1,1,1,1,1,1,1,1,1,1,1,1,1,1,1,1,1,1,1,1,1,1,1,1,1,1,1,0.857142857142857,1,1,1,1,1,1,0.9375,1,1,1,1,1,0.944444444444444,1,1,1,1,0.882352941176471,0.947368421052632,1,1,0.727272727272727,0.545454545454545,0,0.928571428571429,1,1,0.95,0.944444444444444,0.944444444444444,1,1,1,1,1,1,1,1,1,1,1,1,1,1,1,1,1,1,1,1,0.928571428571429
"Robinson_2015_row_names",0.909090909090909,1,1,1,1,1,1,1,1,1,1,1,1,1,1,1,1,1,1,1,0.857142857142857,1,1,0.818181818181818,1,0.916666666666667,0.961538461538462,1,1,0.964285714285714,1,1,1,1,1,1,1,1,1,1,0.944444444444444,1,1,1,0.96,1,1,1,1,0.962962962962963,1,1,0.866666666666667,1,1,1,1,1,1,1,1,1,1,1,1,1,1,0.944444444444444,0.888888888888889,1,1,1,0.909090909090909,1,1,1,1,1,0.941176470588235,1,1,1,1,0.967741935483871,1,1,1,1,1,1,1,1,1,0.916666666666667,0.981481481481482,0.933333333333333,1,1,1,0.972222222222222,1,0.985714285714286,1,1,1,1,1,0.9,0.928571428571429,1,1,1,1,0.818181818181818,0.916666666666667,1,1,1,1,1,0.966666666666667,0.954545454545455,0.923076923076923,1,1,1,0.933333333333333,1,1,0.933333333333333,1,0.933333333333333,1,1,1,1,0.916666666666667,0.928571428571429,0,1,1,0.941176470588235,1,1,0.944444444444444,1,0.916666666666667,0.888888888888889,1,1,1,1,1,0.909090909090909,1,0.9,1,1,1,1,1,1,1,1,0.909090909090909
"SAAV1_row_names",1,1,1,1,1,1,1,1,1,1,1,1,1,1,1,1,1,1,1,1,1,1,0.98,1,1,1,0.979591836734694,1,0.971830985915493,1,1,1,0.976744186046512,1,1,1,1,1,1,1,1,0.957446808510638,0.977777777777778,0.977272727272727,0.979166666666667,0.933333333333333,0.959183673469388,0.98,0.955555555555556,1,1,1,1,0.971428571428571,1,1,1,1,1,1,1,1,1,1,1,1,1,1,1,0.971014492753623,1,1,1,1,1,1,1,1,1,1,1,1,1,1,1,1,1,1,0.979166666666667,0.982456140350877,1,1,1,1,0.987012987012987,1,1,1,1,1,1,0.967032967032967,1,1,1,1,1,1,1,1,1,1,1,1,1,1,1,1,1,1,1,1,1,1,1,1,0.973684210526316,0.966666666666667,0.96551724137931,0.945945945945946,1,1,1,1,1,1,1,1,1,0,0.59375,1,0.973684210526316,0.973684210526316,1,1,1,1,1,1,1,1,1,1,1,1,1,1,1,1,1,1,1,0.98,1
"SAAV2_row_names",1,1,1,1,1,1,1,1,1,1,1,1,1,1,1,1,1,1,1,1,1,1,0.944444444444444,1,1,1,1,1,0.96551724137931,1,1,1,1,1,1,1,1,1,1,1,1,0.971428571428571,0.96875,1,0.971428571428571,0.90625,0.914285714285714,0.972972972972973,1,1,1,1,1,0.954545454545455,1,1,1,1,1,1,1,1,1,1,1,1,1,1,1,0.982456140350877,1,1,1,1,1,1,1,1,1,1,1,1,1,1,1,1,1,1,0.971428571428571,0.977272727272727,1,1,1,1,0.984375,1,1,1,1,1,1,0.948051948051948,1,1,1,1,1,1,1,1,1,1,1,1,1,1,1,1,1,1,1,1,1,1,1,1,1,0.941176470588235,0.9375,0.916666666666667,1,1,1,1,1,1,1,1,1,0.59375,0,1,1,1,1,1,1,1,1,1,1,1,1,1,1,1,1,1,1,1,1,1,1,0.972972972972973,1
"Sanchez_2012_Iguazu_row_names",0.8,1,1,1,1,1,1,1,1,1,1,1,1,1,1,1,1,1,1,0.952380952380952,0.846153846153846,1,1,0.642857142857143,1,0.642857142857143,0.935483870967742,1,1,0.939393939393939,1,1,1,1,1,1,1,1,1,1,1,1,1,1,1,1,1,1,1,0.903225806451613,0.994413407821229,1,0.722222222222222,1,0.888888888888889,1,1,1,1,1,1,1,1,1,0.971428571428571,0.928571428571429,0.857142857142857,0.958333333333333,0.96,0.981132075471698,0.9,0.9375,1,1,1,1,1,0.972222222222222,1,1,1,1,1,0.944444444444444,0.96,0.894736842105263,1,1,1,1,1,0.966666666666667,1,1,0.966101694915254,0.944444444444444,1,1,1,1,1,0.973333333333333,1,1,1,1,0.944444444444444,0.9375,0.95,1,1,1,1,0.8125,0.882352941176471,0.982142857142857,1,0.904761904761905,1,1,1,0.884615384615385,0.823529411764706,1,1,1,0.9,1,1,1,1,1,1,1,1,1,0.944444444444444,0.95,0.941176470588235,1,1,0,0.952380952380952,1,0.91304347826087,1,0.944444444444444,0.769230769230769,1,1,1,1,1,0.875,1,0.9375,1,1,1,1,1,1,1,1,0.875
"Santiago_2014_close_to_remnant_row_names",1,1,1,1,1,1,1,1,1,1,1,1,1,1,1,1,1,1,1,1,1,0.986111111111111,1,1,1,0.9375,0.966666666666667,1,1,0.9,1,1,0.958333333333333,1,1,1,1,1,1,1,1,0.96551724137931,1,1,1,1,1,1,1,1,1,1,1,1,0.875,1,1,1,1,1,1,1,1,1,0.866666666666667,1,0.777777777777778,1,1,0.980392156862745,1,0.928571428571429,0.933333333333333,1,1,1,1,1,1,1,1,1,1,0.909090909090909,0.909090909090909,0.8125,1,1,1,1,1,1,1,1,0.982758620689655,1,1,1,1,1,1,1,1,1,1,1,1,1,1,1,1,1,1,1,1,1,1,1,1,1,0.90625,1,1,1,1,1,0.823529411764706,1,1,1,1,1,1,0.933333333333333,1,1,0.9375,0.944444444444444,1,0.973684210526316,1,0.952380952380952,0,0.181818181818182,1,1,1,1,1,1,1,1,1,1,1,1,1,1,1,1,1,1,1,1,0.933333333333333
"Santiago_2014_far_from_remnant_row_names",1,1,1,1,1,1,1,1,1,1,1,1,1,1,1,1,1,1,1,1,1,0.986111111111111,1,1,1,1,0.966666666666667,1,1,0.862068965517241,1,1,0.958333333333333,1,1,1,1,1,1,1,1,0.96551724137931,1,1,1,1,1,1,1,1,1,1,1,1,0.875,1,1,1,1,1,1,1,1,1,0.866666666666667,1,0.842105263157895,1,1,0.980392156862745,1,1,0.933333333333333,1,1,1,1,1,1,1,1,1,1,0.941176470588235,0.909090909090909,0.882352941176471,1,1,1,1,1,1,1,1,0.982758620689655,1,1,1,1,1,1,1,1,1,1,1,1,1,1,1,1,1,1,1,1,1,1,1,1,1,0.90625,1,1,1,1,1,0.888888888888889,1,1,1,1,1,1,0.933333333333333,1,1,0.9375,0.944444444444444,1,0.973684210526316,1,1,0.181818181818182,0,1,1,1,1,1,1,1,1,1,1,1,1,1,1,1,1,1,1,1,1,0.933333333333333
"SARM_whole_network_from_paper_row_names",0.882352941176471,0.947368421052632,1,1,1,1,1,1,1,1,1,1,1,1,1,1,1,1,0.931034482758621,0.954545454545455,1,0.986666666666667,1,0.888888888888889,1,0.888888888888889,0.9375,1,1,0.941176470588235,1,1,1,1,0.964285714285714,0.9375,0.941176470588235,0.944444444444444,1,1,1,1,0.96551724137931,1,1,1,1,1,1,0.90625,1,1,0.909090909090909,1,1,1,1,1,0.958333333333333,0.956521739130435,1,1,1,1,1,0.933333333333333,1,0.96,0.826086956521739,0.942307692307692,1,1,1,1,1,1,1,1,1,1,1,1,1,0.945945945945946,1,0.952380952380952,1,1,0.935483870967742,0.95,1,0.896551724137931,1,1,0.983606557377049,0.973684210526316,1,1,1,1,1,0.973684210526316,1,1,1,1,0.947368421052632,0.941176470588235,1,1,1,1,1,0.888888888888889,0.947368421052632,0.982456140350877,1,0.857142857142857,1,1,0.972972972972973,0.928571428571429,0.894736842105263,1,1,1,0.954545454545455,1,1,1,1,1,1,1,1,1,1,1,0.944444444444444,1,1,0.91304347826087,1,1,0,1,0.888888888888889,0.866666666666667,1,1,1,1,1,0.8125,1,0.875,1,1,1,1,0.96969696969697,1,1,1,0.944444444444444
"Sethi_2012_row_names",1,1,1,1,1,1,1,1,1,1,1,1,1,1,1,1,1,1,1,1,1,1,1,1,1,1,1,1,1,1,1,1,1,1,1,1,1,1,1,1,1,1,1,1,1,1,1,1,1,1,1,1,1,1,1,1,1,1,1,1,1,1,1,1,1,1,1,1,1,1,1,1,1,1,1,0.928571428571429,0.95,0.966666666666667,1,1,1,1,1,1,1,1,1,1,1,1,1,1,1,1,1,1,1,1,1,1,1,1,1,1,1,1,1,1,1,1,1,1,1,1,1,1,1,1,1,1,1,1,1,1,1,1,1,1,1,1,1,1,1,1,1,1,1,1,1,1,1,1,1,1,1,0,1,1,1,1,1,1,1,1,0.983333333333333,1,1,0.9,0.9,1,1,1,1,1,1
"Silva_Oliveira_2018_row_names",0.916666666666667,0.923076923076923,1,1,1,1,1,1,1,1,1,1,1,1,1,1,1,1,1,1,1,1,1,0.923076923076923,1,0.923076923076923,0.962962962962963,1,1,1,1,1,1,1,1,1,1,1,1,1,1,1,1,1,1,1,1,1,1,0.925925925925926,1,1,0.941176470588235,1,1,1,1,1,1,1,1,1,1,1,1,1,1,0.947368421052632,0.894736842105263,1,0.9375,1,1,1,1,1,1,1,1,1,1,1,1,1,1,1,1,1,1,1,1,1,1,1,1,0.96875,1,1,1,1,1,0.985915492957746,1,1,1,1,1,0.909090909090909,1,1,1,1,1,0.923076923076923,0.923076923076923,1,1,1,1,1,1,0.956521739130435,0.846153846153846,1,1,1,1,1,1,1,1,1,1,1,1,1,1,1,0.916666666666667,1,1,0.944444444444444,1,1,0.888888888888889,1,0,0.9,1,1,1,1,1,0.818181818181818,1,0.909090909090909,1,1,1,1,1,1,1,1,1
"Silveira_2006_row_names",0.75,1,1,1,1,1,1,1,1,1,1,1,1,1,1,1,1,1,1,0.923076923076923,0.952380952380952,1,1,0.625,1,0.777777777777778,0.91304347826087,1,1,0.961538461538462,1,1,1,1,1,1,1,1,1,1,1,1,1,1,1,1,1,1,1,0.916666666666667,1,1,0.928571428571429,1,1,1,1,1,1,1,1,1,1,1,1,0.833333333333333,1,0.9375,0.875,0.977777777777778,1,1,1,1,1,1,1,1,1,1,1,1,1,0.96551724137931,1,0.916666666666667,1,1,1,1,1,1,1,1,0.980769230769231,0.96551724137931,1,1,1,1,1,0.985294117647059,1,1,1,1,0.9,0.875,1,1,1,1,1,0.777777777777778,0.9,1,1,0.928571428571429,1,1,1,0.894736842105263,0.909090909090909,1,1,1,0.833333333333333,1,1,1,1,1,1,1,1,1,1,1,0.888888888888889,1,1,0.769230769230769,1,1,0.866666666666667,1,0.9,0,1,1,1,1,1,0.571428571428571,1,0.875,1,1,1,1,1,1,1,1,0.888888888888889
"Snow_1988_DJF_row_names",1,1,1,0.869565217391304,0.85,0.869565217391304,0.904761904761905,0.869565217391304,0.958333333333333,0.875,0.92,0.96,0.956521739130435,1,0.80952380952381,0.818181818181818,0.869565217391304,0.869565217391304,1,1,1,1,1,1,1,1,1,1,1,1,1,1,1,1,0.9375,1,1,0.956521739130435,1,1,1,1,1,1,1,1,1,1,1,1,1,1,1,1,1,1,0.884615384615385,1,0.96551724137931,1,1,0.96969696969697,1,0.80952380952381,1,1,1,1,1,1,1,1,1,1,1,1,1,1,1,1,1,1,1,1,1,1,1,1,1,1,1,1,1,1,1,1,0.837837837837838,1,1,1,0.933333333333333,1,1,1,1,1,1,1,1,1,1,1,1,1,1,1,1,1,1,1,1,1,1,0.722222222222222,0.842105263157895,1,1,1,1,1,1,1,1,1,1,1,1,1,1,1,1,1,1,1,1,1,1,1,0,0.733333333333333,0.666666666666667,0.416666666666667,0.619047619047619,1,1,1,1,1,1,0.96551724137931,1,1,1,1,1
"Snow_1988_JJA_row_names",1,1,0.88,0.923076923076923,0.91304347826087,0.923076923076923,0.958333333333333,0.923076923076923,0.826086956521739,0.84,0.884615384615385,0.782608695652174,0.869565217391304,0.91304347826087,0.92,0.88,0.923076923076923,0.923076923076923,1,1,1,1,1,1,1,1,1,1,1,1,1,1,1,1,0.909090909090909,1,0.958333333333333,0.96,1,1,1,1,1,1,1,1,1,1,1,1,1,1,1,1,1,1,0.892857142857143,1,0.933333333333333,0.966666666666667,1,0.971428571428571,1,0.714285714285714,1,1,1,1,1,1,1,1,1,1,0.990196078431373,1,1,1,1,1,1,1,1,1,1,1,1,1,1,1,1,1,1,1,1,1,0.902439024390244,1,1,1,0.9375,1,1,1,1,1,1,1,1,1,1,1,1,1,1,1,1,1,1,1,1,1,1,0.91304347826087,0.857142857142857,1,1,1,1,1,1,1,1,1,1,1,1,1,1,1,1,1,1,1,1,1,1,1,0.733333333333333,0,0.818181818181818,0.518518518518519,0.708333333333333,1,1,1,1,1,1,0.933333333333333,0.975,1,1,1,1
"Snow_1988_MAM_row_names",1,1,1,1,1,1,1,1,0.916666666666667,0.928571428571429,1,0.923076923076923,1,1,1,1,1,1,1,1,1,1,1,1,1,1,1,1,1,1,1,1,1,1,1,1,1,0.909090909090909,1,1,1,1,1,1,1,1,1,1,1,1,1,1,1,1,1,1,0.866666666666667,1,0.941176470588235,1,1,0.952380952380952,1,0.818181818181818,1,1,1,1,1,1,1,1,1,1,1,1,1,1,1,1,1,1,1,1,1,1,1,1,1,1,1,1,1,1,1,1,0.892857142857143,1,1,1,0.947368421052632,1,1,1,1,1,1,1,1,1,1,1,1,1,1,1,1,1,1,1,1,1,1,0.625,0.571428571428571,1,1,1,1,1,1,1,1,1,1,1,1,1,1,1,1,1,1,1,1,1,1,1,0.666666666666667,0.818181818181818,0,0.818181818181818,0.785714285714286,1,1,1,1,1,1,0.941176470588235,1,1,1,1,1
"Snow_1988_SON_row_names",1,1,0.962962962962963,0.88,0.863636363636364,0.923076923076923,0.91304347826087,0.88,0.875,0.84,0.925925925925926,0.88,0.96,0.958333333333333,0.826086956521739,0.833333333333333,0.88,0.88,1,1,1,1,1,1,1,1,1,1,1,1,1,1,1,1,0.875,1,0.958333333333333,1,1,1,1,1,1,1,1,1,1,1,1,1,1,1,1,1,1,1,0.892857142857143,1,0.933333333333333,0.966666666666667,1,0.971428571428571,1,0.65,1,1,1,1,1,1,1,1,1,1,0.995121951219512,1,1,1,1,1,1,1,1,1,1,1,1,1,1,1,1,1,1,1,1,1,0.902439024390244,1,1,1,0.9375,1,1,1,1,1,1,1,1,1,1,1,1,1,1,1,1,1,1,1,1,1,1,0.80952380952381,0.909090909090909,1,1,1,1,1,1,1,1,1,1,1,1,1,1,1,1,1,1,1,1,1,1,1,0.416666666666667,0.518518518518519,0.818181818181818,0,0.523809523809524,1,1,1,1,1,1,0.933333333333333,0.975,1,1,1,1
"Sorensen_1981_row_names",1,1,1,0.944444444444444,1,0.944444444444444,1,0.944444444444444,0.875,0.823529411764706,0.947368421052632,0.882352941176471,1,1,0.941176470588235,0.944444444444444,0.944444444444444,0.944444444444444,1,1,1,1,1,1,1,1,1,1,1,1,1,1,1,1,0.826086956521739,1,0.933333333333333,0.9375,1,1,1,1,1,1,1,1,1,1,1,1,1,1,1,1,1,1,0.952380952380952,1,0.904761904761905,0.952380952380952,1,0.961538461538462,1,0.8,1,1,1,1,1,1,1,1,1,1,0.994897959183674,1,1,1,1,1,1,1,1,1,1,1,1,1,1,1,1,1,1,1,1,1,0.909090909090909,1,1,1,0.958333333333333,1,1,1,1,1,1,1,1,1,1,1,1,1,1,1,1,1,1,1,1,1,1,0.857142857142857,0.928571428571429,1,1,1,1,1,1,1,1,1,1,1,1,1,1,1,1,1,1,1,1,1,1,1,0.619047619047619,0.708333333333333,0.785714285714286,0.523809523809524,0,1,1,1,1,1,1,0.904761904761905,0.967741935483871,1,1,1,1
"Souza_Laurindo_2017_row_names",0.8,1,1,1,1,1,1,1,1,1,1,1,1,1,1,1,1,1,1,0.933333333333333,1,1,1,0.818181818181818,1,0.818181818181818,0.92,1,1,0.964285714285714,1,1,1,1,1,1,1,1,1,1,1,1,1,1,1,1,1,1,1,0.923076923076923,1,1,0.9375,1,1,1,1,1,1,1,1,1,1,1,1,0.875,1,0.944444444444444,0.666666666666667,0.978723404255319,0.933333333333333,1,1,1,1,1,1,1,1,1,1,1,1,0.967741935483871,1,0.928571428571429,1,1,1,1,1,1,1,1,1,0.967741935483871,1,1,1,1,1,0.985714285714286,1,1,1,1,0.916666666666667,0.9,1,1,1,1,1,0.818181818181818,0.916666666666667,1,1,0.866666666666667,1,1,1,0.904761904761905,0.833333333333333,1,1,1,0.857142857142857,1,1,1,1,1,1,1,1,1,1,1,0.909090909090909,1,1,0.875,1,1,0.8125,1,0.818181818181818,0.571428571428571,1,1,1,1,1,0,1,0.9,1,1,1,1,1,1,1,1,0.909090909090909
"Suzuki_2007_row_names",1,1,1,1,1,1,1,1,1,1,1,1,1,1,1,1,1,1,1,1,0.971830985915493,1,1,1,1,1,1,1,1,1,0.989795918367347,1,1,1,1,1,1,1,1,0.986301369863014,1,1,1,1,1,1,1,1,1,1,0.990950226244344,1,1,1,1,1,1,1,1,1,1,1,1,1,1,1,1,1,1,1,0.984375,1,1,0.98780487804878,1,1,1,0.987341772151899,1,1,1,1,1,1,1,1,1,1,1,1,1,1,1,1,1,1,1,1,1,0.988235294117647,1,1,1,1,1,1,1,1,1,0.983870967741935,0.983606557377049,0.983870967741935,0.983870967741935,1,1,1,1,1,1,1,1,1,1,1,1,1,1,1,1,1,1,1,1,1,1,1,1,1,1,1,1,1,1,1,1,0.983333333333333,1,1,1,1,1,1,1,1,0,1,1,1,1,1,1,1,1,1,1
"Tavares_2007_row_names",0.625,1,1,1,1,1,1,1,1,1,1,1,1,1,1,1,1,1,1,1,1,1,1,0.909090909090909,1,0.909090909090909,1,1,0.979166666666667,1,1,1,1,1,1,1,1,1,1,1,1,1,1,1,1,1,1,1,1,1,1,0.95,0.769230769230769,1,1,1,1,1,1,1,1,1,1,1,1,0.857142857142857,1,0.8,0.733333333333333,0.978260869565217,1,1,1,1,1,1,1,1,1,1,1,1,0.818181818181818,1,1,1,1,1,1,1,1,1,1,1,1,0.966666666666667,1,1,1,1,1,0.985507246376812,1,1,1,1,1,0.888888888888889,0.923076923076923,1,1,1,1,0.909090909090909,0.8,1,1,0.933333333333333,1,1,1,0.9,0.818181818181818,1,1,1,1,1,1,1,1,1,1,1,1,1,1,1,0.9,1,1,0.9375,1,1,0.875,1,0.909090909090909,0.875,1,1,1,1,1,0.9,1,0,1,1,1,1,1,1,1,1,1
"Traveset_1992_row_names",1,1,1,1,1,1,1,1,1,1,1,1,1,1,1,1,1,1,1,1,1,1,1,1,1,1,1,1,1,1,1,1,1,1,0.833333333333333,1,1,1,1,1,1,1,1,1,1,1,1,1,1,1,1,1,1,1,1,1,0.933333333333333,1,1,1,1,1,1,1,1,1,1,1,1,1,1,1,1,1,1,1,1,1,1,1,1,1,1,1,1,1,1,1,1,1,1,1,1,1,1,1,0.888888888888889,1,1,1,1,1,1,1,1,1,1,1,1,1,1,1,1,1,1,1,1,1,1,1,1,1,1,1,1,1,1,1,1,1,1,1,1,1,1,1,1,1,1,1,1,1,1,1,1,1,1,1,1,1,1,1,1,1,1,1,0,1,1,1,1,1,1,1,1
"VELHO_row_names",1,1,1,1,1,1,1,1,1,1,1,1,1,1,1,1,1,1,1,1,1,1,1,1,1,1,1,1,1,1,1,1,1,1,1,1,1,1,1,1,1,1,1,1,1,1,1,1,1,1,1,1,1,1,1,1,1,1,1,1,1,1,1,1,1,1,1,1,1,1,1,1,1,1,1,1,1,1,1,1,1,1,1,1,1,1,1,0.909090909090909,1,1,1,1,1,1,1,1,1,1,1,1,1,1,1,1,1,1,1,1,1,1,1,1,1,1,1,1,1,1,1,1,1,1,1,1,1,1,1,1,1,1,1,1,1,1,1,1,1,1,1,1,1,1,1,1,1,0.9,1,1,1,1,1,1,1,1,1,1,1,0,0,1,1,1,1,1,1
"VELHO2_row_names",1,1,1,1,1,1,1,1,1,1,1,1,1,1,1,1,1,1,1,1,1,1,1,1,1,1,1,1,1,1,1,1,1,1,1,1,1,1,1,1,1,1,1,1,1,1,1,1,1,1,1,1,1,1,1,1,1,1,1,1,1,1,1,1,1,1,1,1,1,1,1,1,1,1,1,1,1,1,1,1,1,1,1,1,1,1,1,0.909090909090909,1,1,1,1,1,1,1,1,1,1,1,1,1,1,1,1,1,1,1,1,1,1,1,1,1,1,1,1,1,1,1,1,1,1,1,1,1,1,1,1,1,1,1,1,1,1,1,1,1,1,1,1,1,1,1,1,1,0.9,1,1,1,1,1,1,1,1,1,1,1,0,0,1,1,1,1,1,1
"Williams_1996_Eves_row_names",1,1,1,1,1,1,1,1,0.944444444444444,0.95,1,0.947368421052632,1,1,1,1,1,1,1,1,1,1,1,1,0.75,1,1,1,1,1,1,1,1,1,1,1,1,1,1,1,1,1,1,1,1,1,1,1,1,1,1,1,1,1,1,1,0.954545454545455,0.789473684210526,0.588235294117647,0.722222222222222,0.777777777777778,0.782608695652174,0.736842105263158,0.882352941176471,1,1,1,1,1,1,1,1,1,1,1,1,1,1,1,1,1,1,1,1,1,1,1,1,1,1,1,1,1,1,1,1,0.972222222222222,0.977272727272727,1,1,0.631578947368421,1,1,1,1,1,1,1,1,1,1,1,1,1,1,1,1,1,0.918918918918919,1,1,1,1,0.9375,0.933333333333333,1,1,1,1,1,1,1,1,1,1,1,1,1,1,1,1,1,1,1,1,1,1,1,0.96551724137931,0.933333333333333,0.941176470588235,0.933333333333333,0.904761904761905,1,1,1,1,1,1,0,0.68,1,0.777777777777778,1,1
"Williams_1996_Marsden_row_names",1,1,1,1,1,1,1,1,0.962962962962963,0.96551724137931,1,0.964285714285714,1,1,1,1,1,1,1,1,1,1,1,1,0.655172413793103,1,1,1,1,0.976744186046512,1,1,1,1,0.942857142857143,0.958333333333333,0.916666666666667,0.961538461538462,1,1,1,1,1,1,1,1,1,1,1,1,1,1,1,1,1,1,1,0.814814814814815,0.730769230769231,0.72,0.708333333333333,0.724137931034483,0.68,0.962962962962963,1,1,1,1,0.970588235294118,1,1,1,1,1,0.995145631067961,1,1,1,1,1,1,1,1,1,1,1,1,1,1,1,1,1,1,1,1,1,1,0.981132075471698,1,1,0.75,1,1,1,1,1,1,1,1,1,1,1,1,1,1,0.984615384615385,1,1,0.833333333333333,1,1,1,1,1,1,1,1,1,1,1,1,1,1,1,1,1,1,1,1,1,1,1,1,1,0.96969696969697,1,1,1,1,0.975,1,0.975,0.967741935483871,1,1,1,1,1,1,0.68,0,1,0.727272727272727,1,1
"Wolfe_2014_row_names",1,1,1,1,1,1,1,1,1,1,1,1,1,1,1,1,1,1,1,1,1,0.970149253731343,1,1,1,1,1,1,1,0.964285714285714,1,1,1,1,1,1,1,1,1,1,1,1,1,1,1,1,1,1,1,1,1,1,1,1,1,1,1,1,1,1,1,1,1,1,1,1,1,1,1,1,1,1,1,1,1,1,1,1,1,1,1,1,1,1,1,0.928571428571429,1,1,1,0.970588235294118,1,1,1,1,1,1,1,1,0.944444444444444,1,1,1,1,1,1,1,0.916666666666667,1,1,1,1,1,1,1,1,1,1,1,1,1,1,1,1,1,1,1,1,1,1,1,1,1,1,1,1,1,1,1,1,1,1,1,1,1,1,1,1,1,1,1,1,1,1,1,1,1,1,1,1,1,1,0,1,1,1
"Wyman_2017_row_names",1,1,1,1,1,1,1,1,1,1,1,1,1,1,1,1,1,1,1,1,1,1,1,1,0.78125,1,1,1,1,1,1,1,1,1,1,1,1,1,1,1,1,1,1,1,1,1,1,1,1,1,1,1,1,1,1,1,1,0.857142857142857,0.777777777777778,0.769230769230769,0.76,0.84375,0.821428571428571,1,1,1,1,1,1,1,1,1,1,1,1,1,1,1,1,1,1,1,1,1,1,1,1,1,1,1,1,1,1,1,1,1,1,1,1,1,0.653846153846154,1,1,1,1,1,1,1,1,1,1,1,1,1,1,1,1,1,0.886363636363636,1,1,1,1,1,1,1,1,1,1,1,1,1,1,1,1,1,1,1,1,1,1,1,1,1,1,1,1,1,1,1,1,1,1,1,1,1,1,1,1,0.777777777777778,0.727272727272727,1,0,1,1
"Zamora_Delgado_2008_row_names",1,0.964285714285714,1,1,1,1,1,1,1,1,1,1,1,1,1,1,1,1,1,1,1,1,0.976744186046512,0.964285714285714,1,1,0.951219512195122,1,1,1,1,1,1,1,1,1,1,1,1,1,1,1,1,1,0.975609756097561,0.975,0.952380952380952,0.952380952380952,0.974358974358974,0.976744186046512,1,1,1,1,1,1,1,1,1,1,1,1,1,1,1,1,1,1,1,1,1,0.961538461538462,0.962962962962963,1,1,1,1,1,1,1,1,1,1,1,1,1,1,1,0.975609756097561,0.98,1,1,1,1,1,1,1,1,1,1,1,0.988372093023256,1,1,1,1,1,1,1,1,1,1,1,1,1,1,1,1,1,1,1,1,1,1,1,1,1,0.956521739130435,0.954545454545455,0.896551724137931,0.892857142857143,1,1,1,1,1,1,1,1,0.98,0.972972972972973,1,1,1,1,1,1,1,1,1,1,1,1,1,1,1,1,1,1,1,1,1,1,0,1
"Zapata_Mesa_2017_MR_September_row_names",0.909090909090909,1,1,1,1,1,1,1,1,1,1,1,1,1,1,1,1,1,1,0.933333333333333,0.956521739130435,1,1,0.818181818181818,1,0.916666666666667,0.875,1,1,0.84,1,1,1,1,1,1,1,1,1,1,1,1,1,1,1,1,1,1,1,0.88,0.994219653179191,1,0.9375,1,0.923076923076923,1,1,1,1,1,1,1,1,1,0.928571428571429,0.875,0.941176470588235,1,0.947368421052632,0.978723404255319,1,1,1,1,1,1,1,0.966666666666667,1,1,1,1,1,0.896551724137931,1,0.928571428571429,1,1,1,1,1,1,1,1,0.962264150943396,1,1,1,1,1,1,1,1,1,1,1,0.916666666666667,1,1,1,1,1,1,0.7,1,0.98,1,0.9375,1,1,0.966666666666667,0.954545454545455,1,1,1,1,0.857142857142857,1,1,1,1,0.933333333333333,1,1,1,1,0.916666666666667,0.928571428571429,0.909090909090909,1,1,0.875,0.933333333333333,0.933333333333333,0.944444444444444,1,1,0.888888888888889,1,1,1,1,1,0.909090909090909,1,1,1,1,1,1,1,1,1,1,0
